"yday","Variable","Value","Lake"
1,"Surface_temperature",6.32230784351403,"Lake Ägeri (2023)"
1,"Surface_chla",NA,"Lake Ägeri (2023)"
1,"Bottom_DO",0.889536975874629,"Lake Ägeri (2023)"
1,"Surface_DO",9.64642521774338,"Lake Ägeri (2023)"
2,"Surface_temperature",6.30596960766244,"Lake Ägeri (2023)"
2,"Surface_chla",NA,"Lake Ägeri (2023)"
2,"Bottom_DO",0.336227757584027,"Lake Ägeri (2023)"
2,"Surface_DO",10.0753075870903,"Lake Ägeri (2023)"
3,"Surface_temperature",6.33095294087611,"Lake Ägeri (2023)"
3,"Surface_chla",NA,"Lake Ägeri (2023)"
3,"Bottom_DO",3.13232028813628,"Lake Ägeri (2023)"
3,"Surface_DO",10.1118541403417,"Lake Ägeri (2023)"
4,"Surface_temperature",6.317,"Lake Ägeri (2023)"
4,"Surface_chla",NA,"Lake Ägeri (2023)"
4,"Bottom_DO",0.842676217182673,"Lake Ägeri (2023)"
4,"Surface_DO",9.87936401286577,"Lake Ägeri (2023)"
6,"Surface_temperature",6.26652287532957,"Lake Ägeri (2023)"
6,"Surface_chla",NA,"Lake Ägeri (2023)"
6,"Bottom_DO",0.806060216584722,"Lake Ägeri (2023)"
6,"Surface_DO",10.0575283301866,"Lake Ägeri (2023)"
7,"Surface_temperature",6.26826405180657,"Lake Ägeri (2023)"
7,"Surface_chla",NA,"Lake Ägeri (2023)"
7,"Bottom_DO",1.25085093771328,"Lake Ägeri (2023)"
7,"Surface_DO",9.69503148480659,"Lake Ägeri (2023)"
8,"Surface_temperature",6.1907502152977,"Lake Ägeri (2023)"
8,"Surface_chla",NA,"Lake Ägeri (2023)"
8,"Bottom_DO",0.471262095968672,"Lake Ägeri (2023)"
8,"Surface_DO",9.96128353883356,"Lake Ägeri (2023)"
9,"Surface_temperature",6.18330392139387,"Lake Ägeri (2023)"
9,"Surface_chla",NA,"Lake Ägeri (2023)"
9,"Bottom_DO",0.500417836016823,"Lake Ägeri (2023)"
9,"Surface_DO",10.2176935042236,"Lake Ägeri (2023)"
10,"Surface_temperature",6.16074972766885,"Lake Ägeri (2023)"
10,"Surface_chla",NA,"Lake Ägeri (2023)"
10,"Bottom_DO",3.32663203785143,"Lake Ägeri (2023)"
10,"Surface_DO",9.94635028680731,"Lake Ägeri (2023)"
11,"Surface_temperature",6.22332026143791,"Lake Ägeri (2023)"
11,"Surface_chla",NA,"Lake Ägeri (2023)"
11,"Bottom_DO",1.66732095436447,"Lake Ägeri (2023)"
11,"Surface_DO",10.0447324900229,"Lake Ägeri (2023)"
12,"Surface_temperature",6.13495588159087,"Lake Ägeri (2023)"
12,"Surface_chla",NA,"Lake Ägeri (2023)"
12,"Bottom_DO",0.373846608064472,"Lake Ägeri (2023)"
12,"Surface_DO",10.0353275283015,"Lake Ägeri (2023)"
13,"Surface_temperature",6.13666928115639,"Lake Ägeri (2023)"
13,"Surface_chla",NA,"Lake Ägeri (2023)"
13,"Bottom_DO",1.30358907589448,"Lake Ägeri (2023)"
13,"Surface_DO",10.1893504748172,"Lake Ägeri (2023)"
14,"Surface_temperature",6.13119215648597,"Lake Ägeri (2023)"
14,"Surface_chla",NA,"Lake Ägeri (2023)"
14,"Bottom_DO",4.11973495020223,"Lake Ägeri (2023)"
14,"Surface_DO",9.95663605330861,"Lake Ägeri (2023)"
15,"Surface_temperature",6.05442156862745,"Lake Ägeri (2023)"
15,"Surface_chla",NA,"Lake Ägeri (2023)"
15,"Bottom_DO",2.7572591051682,"Lake Ägeri (2023)"
15,"Surface_DO",9.86016173174823,"Lake Ägeri (2023)"
16,"Surface_temperature",6.12457908346234,"Lake Ägeri (2023)"
16,"Surface_chla",NA,"Lake Ägeri (2023)"
16,"Bottom_DO",1.30079307368399,"Lake Ägeri (2023)"
16,"Surface_DO",10.0529106040321,"Lake Ägeri (2023)"
17,"Surface_temperature",6.08558235276048,"Lake Ägeri (2023)"
17,"Surface_chla",NA,"Lake Ägeri (2023)"
17,"Bottom_DO",3.06523212994769,"Lake Ägeri (2023)"
17,"Surface_DO",10.193303068349,"Lake Ägeri (2023)"
18,"Surface_temperature",6.01516078286685,"Lake Ägeri (2023)"
18,"Surface_chla",NA,"Lake Ägeri (2023)"
18,"Bottom_DO",2.01671452116814,"Lake Ägeri (2023)"
18,"Surface_DO",9.93037032778398,"Lake Ägeri (2023)"
19,"Surface_temperature",5.97259477071212,"Lake Ägeri (2023)"
19,"Surface_chla",NA,"Lake Ägeri (2023)"
19,"Bottom_DO",1.97818667648251,"Lake Ägeri (2023)"
19,"Surface_DO",9.92467785903113,"Lake Ägeri (2023)"
20,"Surface_temperature",5.90739215686274,"Lake Ägeri (2023)"
20,"Surface_chla",NA,"Lake Ägeri (2023)"
20,"Bottom_DO",1.71607390569061,"Lake Ägeri (2023)"
20,"Surface_DO",9.88768980113434,"Lake Ägeri (2023)"
21,"Surface_temperature",5.80530784351403,"Lake Ägeri (2023)"
21,"Surface_chla",NA,"Lake Ägeri (2023)"
21,"Bottom_DO",4.4265391245661,"Lake Ägeri (2023)"
21,"Surface_DO",9.79230273347354,"Lake Ägeri (2023)"
22,"Surface_temperature",5.73425280129356,"Lake Ägeri (2023)"
22,"Surface_chla",NA,"Lake Ägeri (2023)"
22,"Bottom_DO",1.93770666590492,"Lake Ägeri (2023)"
22,"Surface_DO",9.65218377787956,"Lake Ägeri (2023)"
23,"Surface_temperature",5.69453781547619,"Lake Ägeri (2023)"
23,"Surface_chla",NA,"Lake Ägeri (2023)"
23,"Bottom_DO",3.54339020847308,"Lake Ägeri (2023)"
23,"Surface_DO",9.84339457122331,"Lake Ägeri (2023)"
24,"Surface_temperature",5.65179131722689,"Lake Ägeri (2023)"
24,"Surface_chla",NA,"Lake Ägeri (2023)"
24,"Bottom_DO",2.61260438946561,"Lake Ägeri (2023)"
24,"Surface_DO",9.87026714167212,"Lake Ägeri (2023)"
25,"Surface_temperature",5.63151960784314,"Lake Ägeri (2023)"
25,"Surface_chla",NA,"Lake Ägeri (2023)"
25,"Bottom_DO",3.95184728306894,"Lake Ägeri (2023)"
25,"Surface_DO",9.84806599463702,"Lake Ägeri (2023)"
26,"Surface_temperature",5.54715686324047,"Lake Ägeri (2023)"
26,"Surface_chla",NA,"Lake Ägeri (2023)"
26,"Bottom_DO",3.46785794818896,"Lake Ägeri (2023)"
26,"Surface_DO",9.67116244006625,"Lake Ägeri (2023)"
27,"Surface_temperature",5.41692320261438,"Lake Ägeri (2023)"
27,"Surface_chla",NA,"Lake Ägeri (2023)"
27,"Bottom_DO",3.50541570411216,"Lake Ägeri (2023)"
27,"Surface_DO",9.68978588259902,"Lake Ägeri (2023)"
28,"Surface_temperature",5.38823039159218,"Lake Ägeri (2023)"
28,"Surface_chla",NA,"Lake Ägeri (2023)"
28,"Bottom_DO",4.70921219765998,"Lake Ägeri (2023)"
28,"Surface_DO",9.33701397463696,"Lake Ägeri (2023)"
30,"Surface_temperature",5.23936274560609,"Lake Ägeri (2023)"
30,"Surface_chla",NA,"Lake Ägeri (2023)"
30,"Bottom_DO",3.04740229445979,"Lake Ägeri (2023)"
30,"Surface_DO",9.66624437580518,"Lake Ägeri (2023)"
31,"Surface_temperature",5.158,"Lake Ägeri (2023)"
31,"Surface_chla",NA,"Lake Ägeri (2023)"
31,"Bottom_DO",NA,"Lake Ägeri (2023)"
31,"Surface_DO",9.56515507513029,"Lake Ägeri (2023)"
32,"Surface_temperature",5.04281568663591,"Lake Ägeri (2023)"
32,"Surface_chla",NA,"Lake Ägeri (2023)"
32,"Bottom_DO",NA,"Lake Ägeri (2023)"
32,"Surface_DO",9.6301454220668,"Lake Ägeri (2023)"
33,"Surface_temperature",4.98233511586453,"Lake Ägeri (2023)"
33,"Surface_chla",NA,"Lake Ägeri (2023)"
33,"Bottom_DO",NA,"Lake Ägeri (2023)"
33,"Surface_DO",9.67596084957607,"Lake Ägeri (2023)"
34,"Surface_temperature",4.87135947817079,"Lake Ägeri (2023)"
34,"Surface_chla",NA,"Lake Ägeri (2023)"
34,"Bottom_DO",NA,"Lake Ägeri (2023)"
34,"Surface_DO",9.69907531921844,"Lake Ägeri (2023)"
35,"Surface_temperature",4.91646274811226,"Lake Ägeri (2023)"
35,"Surface_chla",NA,"Lake Ägeri (2023)"
35,"Bottom_DO",NA,"Lake Ägeri (2023)"
35,"Surface_DO",9.52474194584728,"Lake Ägeri (2023)"
36,"Surface_temperature",4.73026330288978,"Lake Ägeri (2023)"
36,"Surface_chla",NA,"Lake Ägeri (2023)"
36,"Bottom_DO",3.30140586988668,"Lake Ägeri (2023)"
36,"Surface_DO",9.65983110148636,"Lake Ägeri (2023)"
37,"Surface_temperature",4.70184640522876,"Lake Ägeri (2023)"
37,"Surface_chla",NA,"Lake Ägeri (2023)"
37,"Bottom_DO",2.3522866849701,"Lake Ägeri (2023)"
37,"Surface_DO",9.60622025672106,"Lake Ägeri (2023)"
38,"Surface_temperature",4.69803921568627,"Lake Ägeri (2023)"
38,"Surface_chla",NA,"Lake Ägeri (2023)"
38,"Bottom_DO",2.94871270198869,"Lake Ägeri (2023)"
38,"Surface_DO",9.40726948417336,"Lake Ägeri (2023)"
39,"Surface_temperature",4.66153832442068,"Lake Ägeri (2023)"
39,"Surface_chla",NA,"Lake Ägeri (2023)"
39,"Bottom_DO",2.94128437874343,"Lake Ägeri (2023)"
39,"Surface_DO",9.36414522297681,"Lake Ägeri (2023)"
40,"Surface_temperature",4.618,"Lake Ägeri (2023)"
40,"Surface_chla",NA,"Lake Ägeri (2023)"
40,"Bottom_DO",2.88274635620679,"Lake Ägeri (2023)"
40,"Surface_DO",9.28641579745484,"Lake Ägeri (2023)"
41,"Surface_temperature",4.52141736554622,"Lake Ägeri (2023)"
41,"Surface_chla",NA,"Lake Ägeri (2023)"
41,"Bottom_DO",3.32072467488135,"Lake Ägeri (2023)"
41,"Surface_DO",9.5519197558208,"Lake Ägeri (2023)"
42,"Surface_temperature",4.53921390390219,"Lake Ägeri (2023)"
42,"Surface_chla",NA,"Lake Ägeri (2023)"
42,"Bottom_DO",3.98749969612215,"Lake Ägeri (2023)"
42,"Surface_DO",9.48849142017746,"Lake Ägeri (2023)"
43,"Surface_temperature",4.47590784331795,"Lake Ägeri (2023)"
43,"Surface_chla",NA,"Lake Ägeri (2023)"
43,"Bottom_DO",2.95335972669974,"Lake Ägeri (2023)"
43,"Surface_DO",9.60659025039444,"Lake Ägeri (2023)"
44,"Surface_temperature",4.4961256127451,"Lake Ägeri (2023)"
44,"Surface_chla",NA,"Lake Ägeri (2023)"
44,"Bottom_DO",3.36057826305133,"Lake Ägeri (2023)"
44,"Surface_DO",9.47686651924994,"Lake Ägeri (2023)"
45,"Surface_temperature",4.52757492471989,"Lake Ägeri (2023)"
45,"Surface_chla",NA,"Lake Ägeri (2023)"
45,"Bottom_DO",4.37565171238101,"Lake Ägeri (2023)"
45,"Surface_DO",9.54397449570198,"Lake Ägeri (2023)"
46,"Surface_temperature",4.52477254901961,"Lake Ägeri (2023)"
46,"Surface_chla",NA,"Lake Ägeri (2023)"
46,"Bottom_DO",5.64702037577528,"Lake Ägeri (2023)"
46,"Surface_DO",9.38169309276239,"Lake Ägeri (2023)"
47,"Surface_temperature",4.47745098034847,"Lake Ägeri (2023)"
47,"Surface_chla",NA,"Lake Ägeri (2023)"
47,"Bottom_DO",3.61061207538573,"Lake Ägeri (2023)"
47,"Surface_DO",9.41539862245873,"Lake Ägeri (2023)"
48,"Surface_temperature",4.46233760683761,"Lake Ägeri (2023)"
48,"Surface_chla",NA,"Lake Ägeri (2023)"
48,"Bottom_DO",4.29195671243029,"Lake Ägeri (2023)"
48,"Surface_DO",9.39581954006825,"Lake Ägeri (2023)"
49,"Surface_temperature",4.47443476225715,"Lake Ägeri (2023)"
49,"Surface_chla",NA,"Lake Ägeri (2023)"
49,"Bottom_DO",5.37463652500659,"Lake Ägeri (2023)"
49,"Surface_DO",9.36735125026302,"Lake Ägeri (2023)"
50,"Surface_temperature",4.43148587785602,"Lake Ägeri (2023)"
50,"Surface_chla",NA,"Lake Ägeri (2023)"
50,"Bottom_DO",4.10087341679942,"Lake Ägeri (2023)"
50,"Surface_DO",9.26882766157542,"Lake Ägeri (2023)"
51,"Surface_temperature",4.46577568627451,"Lake Ägeri (2023)"
51,"Surface_chla",NA,"Lake Ägeri (2023)"
51,"Bottom_DO",4.34587436660406,"Lake Ägeri (2023)"
51,"Surface_DO",9.26454536932383,"Lake Ägeri (2023)"
52,"Surface_temperature",4.47010849624896,"Lake Ägeri (2023)"
52,"Surface_chla",NA,"Lake Ägeri (2023)"
52,"Bottom_DO",7.82611363588979,"Lake Ägeri (2023)"
52,"Surface_DO",9.3127739944257,"Lake Ägeri (2023)"
53,"Surface_temperature",4.42701334371908,"Lake Ägeri (2023)"
53,"Surface_chla",NA,"Lake Ägeri (2023)"
53,"Bottom_DO",9.47303895188934,"Lake Ägeri (2023)"
53,"Surface_DO",9.25505250796068,"Lake Ägeri (2023)"
54,"Surface_temperature",4.49882505133937,"Lake Ägeri (2023)"
54,"Surface_chla",NA,"Lake Ägeri (2023)"
54,"Bottom_DO",9.45834981963425,"Lake Ägeri (2023)"
54,"Surface_DO",9.27104758666805,"Lake Ägeri (2023)"
55,"Surface_temperature",4.46505097715238,"Lake Ägeri (2023)"
55,"Surface_chla",NA,"Lake Ägeri (2023)"
55,"Bottom_DO",9.31752724634668,"Lake Ägeri (2023)"
55,"Surface_DO",9.31810250322792,"Lake Ägeri (2023)"
56,"Surface_temperature",4.48420837078144,"Lake Ägeri (2023)"
56,"Surface_chla",NA,"Lake Ägeri (2023)"
56,"Bottom_DO",9.11994145325933,"Lake Ägeri (2023)"
56,"Surface_DO",9.34467411760734,"Lake Ägeri (2023)"
57,"Surface_temperature",4.57484852409171,"Lake Ägeri (2023)"
57,"Surface_chla",NA,"Lake Ägeri (2023)"
57,"Bottom_DO",7.46393679146473,"Lake Ägeri (2023)"
57,"Surface_DO",9.39284393995952,"Lake Ägeri (2023)"
58,"Surface_temperature",4.68996273959416,"Lake Ägeri (2023)"
58,"Surface_chla",NA,"Lake Ägeri (2023)"
58,"Bottom_DO",6.66767364334147,"Lake Ägeri (2023)"
58,"Surface_DO",9.44226348106072,"Lake Ägeri (2023)"
59,"Surface_temperature",4.80327610331026,"Lake Ägeri (2023)"
59,"Surface_chla",NA,"Lake Ägeri (2023)"
59,"Bottom_DO",6.45592897363773,"Lake Ägeri (2023)"
59,"Surface_DO",9.52073413652954,"Lake Ägeri (2023)"
60,"Surface_temperature",4.95057320248879,"Lake Ägeri (2023)"
60,"Surface_chla",NA,"Lake Ägeri (2023)"
60,"Bottom_DO",5.86504323656436,"Lake Ägeri (2023)"
60,"Surface_DO",9.60361672228679,"Lake Ägeri (2023)"
61,"Surface_temperature",4.97826482819781,"Lake Ägeri (2023)"
61,"Surface_chla",NA,"Lake Ägeri (2023)"
61,"Bottom_DO",5.48028310250615,"Lake Ägeri (2023)"
61,"Surface_DO",9.65211376058732,"Lake Ägeri (2023)"
62,"Surface_temperature",4.97100056022409,"Lake Ägeri (2023)"
62,"Surface_chla",NA,"Lake Ägeri (2023)"
62,"Bottom_DO",5.44708064141861,"Lake Ägeri (2023)"
62,"Surface_DO",9.68316996799792,"Lake Ägeri (2023)"
63,"Surface_temperature",5.01955024356342,"Lake Ägeri (2023)"
63,"Surface_chla",NA,"Lake Ägeri (2023)"
63,"Bottom_DO",5.62998337293792,"Lake Ägeri (2023)"
63,"Surface_DO",9.58867840624373,"Lake Ägeri (2023)"
64,"Surface_temperature",5.21701801355422,"Lake Ägeri (2023)"
64,"Surface_chla",NA,"Lake Ägeri (2023)"
64,"Bottom_DO",5.92561837111715,"Lake Ägeri (2023)"
64,"Surface_DO",9.60487650505563,"Lake Ägeri (2023)"
65,"Surface_temperature",5.41912997206946,"Lake Ägeri (2023)"
65,"Surface_chla",NA,"Lake Ägeri (2023)"
65,"Bottom_DO",5.31629944861989,"Lake Ägeri (2023)"
65,"Surface_DO",9.65652004749792,"Lake Ägeri (2023)"
66,"Surface_temperature",5.51028088128989,"Lake Ägeri (2023)"
66,"Surface_chla",NA,"Lake Ägeri (2023)"
66,"Bottom_DO",5.33879173491396,"Lake Ägeri (2023)"
66,"Surface_DO",9.84491507169185,"Lake Ägeri (2023)"
67,"Surface_temperature",4.98219019598243,"Lake Ägeri (2023)"
67,"Surface_chla",NA,"Lake Ägeri (2023)"
67,"Bottom_DO",5.65875191466975,"Lake Ägeri (2023)"
67,"Surface_DO",9.81591545824551,"Lake Ägeri (2023)"
68,"Surface_temperature",4.66370182709447,"Lake Ägeri (2023)"
68,"Surface_chla",NA,"Lake Ägeri (2023)"
68,"Bottom_DO",8.8308961304162,"Lake Ägeri (2023)"
68,"Surface_DO",9.82144984904055,"Lake Ägeri (2023)"
69,"Surface_temperature",4.54222300668051,"Lake Ägeri (2023)"
69,"Surface_chla",NA,"Lake Ägeri (2023)"
69,"Bottom_DO",7.75575538459584,"Lake Ägeri (2023)"
69,"Surface_DO",9.71882256309887,"Lake Ägeri (2023)"
70,"Surface_temperature",NA,"Lake Ägeri (2023)"
70,"Surface_chla",NA,"Lake Ägeri (2023)"
70,"Bottom_DO",6.141771088256,"Lake Ägeri (2023)"
70,"Surface_DO",NA,"Lake Ägeri (2023)"
72,"Surface_temperature",4.45426745098039,"Lake Ägeri (2023)"
72,"Surface_chla",NA,"Lake Ägeri (2023)"
72,"Bottom_DO",5.96502196483784,"Lake Ägeri (2023)"
72,"Surface_DO",9.53271926946265,"Lake Ägeri (2023)"
73,"Surface_temperature",4.50798970587851,"Lake Ägeri (2023)"
73,"Surface_chla",NA,"Lake Ägeri (2023)"
73,"Bottom_DO",5.60667562989796,"Lake Ägeri (2023)"
73,"Surface_DO",9.54847671876392,"Lake Ägeri (2023)"
74,"Surface_temperature",4.67481666594002,"Lake Ägeri (2023)"
74,"Surface_chla",NA,"Lake Ägeri (2023)"
74,"Bottom_DO",6.28691097611233,"Lake Ägeri (2023)"
74,"Surface_DO",9.66657289534194,"Lake Ägeri (2023)"
75,"Surface_temperature",4.50337450849673,"Lake Ägeri (2023)"
75,"Surface_chla",NA,"Lake Ägeri (2023)"
75,"Bottom_DO",5.65073463795293,"Lake Ägeri (2023)"
75,"Surface_DO",9.75333631687375,"Lake Ägeri (2023)"
76,"Surface_temperature",4.40574362745098,"Lake Ägeri (2023)"
76,"Surface_chla",NA,"Lake Ägeri (2023)"
76,"Bottom_DO",6.90166429152764,"Lake Ägeri (2023)"
76,"Surface_DO",9.64532678898785,"Lake Ägeri (2023)"
77,"Surface_temperature",4.43280698548251,"Lake Ägeri (2023)"
77,"Surface_chla",NA,"Lake Ägeri (2023)"
77,"Bottom_DO",6.19261021480073,"Lake Ägeri (2023)"
77,"Surface_DO",9.80937803246776,"Lake Ägeri (2023)"
78,"Surface_temperature",4.45579791641923,"Lake Ägeri (2023)"
78,"Surface_chla",NA,"Lake Ägeri (2023)"
78,"Bottom_DO",5.85353090983589,"Lake Ägeri (2023)"
78,"Surface_DO",9.82384151178826,"Lake Ägeri (2023)"
79,"Surface_temperature",4.49233078599136,"Lake Ägeri (2023)"
79,"Surface_chla",NA,"Lake Ägeri (2023)"
79,"Bottom_DO",5.91133249429435,"Lake Ägeri (2023)"
79,"Surface_DO",9.76284318831966,"Lake Ägeri (2023)"
80,"Surface_temperature",4.48026484625706,"Lake Ägeri (2023)"
80,"Surface_chla",NA,"Lake Ägeri (2023)"
80,"Bottom_DO",6.28020334519354,"Lake Ägeri (2023)"
80,"Surface_DO",9.65418853826456,"Lake Ägeri (2023)"
81,"Surface_temperature",4.43699571078431,"Lake Ägeri (2023)"
81,"Surface_chla",NA,"Lake Ägeri (2023)"
81,"Bottom_DO",8.82161362733508,"Lake Ägeri (2023)"
81,"Surface_DO",9.39415533577561,"Lake Ägeri (2023)"
82,"Surface_temperature",4.47808088244714,"Lake Ägeri (2023)"
82,"Surface_chla",NA,"Lake Ägeri (2023)"
82,"Bottom_DO",8.77611289563928,"Lake Ägeri (2023)"
82,"Surface_DO",9.40905662132208,"Lake Ägeri (2023)"
83,"Surface_temperature",4.52927300434105,"Lake Ägeri (2023)"
83,"Surface_chla",NA,"Lake Ägeri (2023)"
83,"Bottom_DO",8.95357088835931,"Lake Ägeri (2023)"
83,"Surface_DO",9.42824535929276,"Lake Ägeri (2023)"
84,"Surface_temperature",4.5903460783862,"Lake Ägeri (2023)"
84,"Surface_chla",NA,"Lake Ägeri (2023)"
84,"Bottom_DO",9.26620365322485,"Lake Ägeri (2023)"
84,"Surface_DO",9.70308518653622,"Lake Ägeri (2023)"
85,"Surface_temperature",4.70942806247471,"Lake Ägeri (2023)"
85,"Surface_chla",NA,"Lake Ägeri (2023)"
85,"Bottom_DO",9.3051072306345,"Lake Ägeri (2023)"
85,"Surface_DO",9.74795850495391,"Lake Ägeri (2023)"
86,"Surface_temperature",4.88557009808439,"Lake Ägeri (2023)"
86,"Surface_chla",NA,"Lake Ägeri (2023)"
86,"Bottom_DO",9.14717593959866,"Lake Ägeri (2023)"
86,"Surface_DO",9.76800447383953,"Lake Ägeri (2023)"
87,"Surface_temperature",5.26167830729942,"Lake Ägeri (2023)"
87,"Surface_chla",NA,"Lake Ägeri (2023)"
87,"Bottom_DO",9.07311143346743,"Lake Ägeri (2023)"
87,"Surface_DO",9.80883980745891,"Lake Ägeri (2023)"
88,"Surface_temperature",5.4488292889644,"Lake Ägeri (2023)"
88,"Surface_chla",NA,"Lake Ägeri (2023)"
88,"Bottom_DO",9.09275284877018,"Lake Ägeri (2023)"
88,"Surface_DO",9.86805604555102,"Lake Ägeri (2023)"
89,"Surface_temperature",5.74222348517627,"Lake Ägeri (2023)"
89,"Surface_chla",NA,"Lake Ägeri (2023)"
89,"Bottom_DO",8.98698713479298,"Lake Ägeri (2023)"
89,"Surface_DO",9.96387733818825,"Lake Ägeri (2023)"
90,"Surface_temperature",6.11958631381574,"Lake Ägeri (2023)"
90,"Surface_chla",NA,"Lake Ägeri (2023)"
90,"Bottom_DO",8.89971473907756,"Lake Ägeri (2023)"
90,"Surface_DO",10.0204052911588,"Lake Ägeri (2023)"
91,"Surface_temperature",6.08943529124472,"Lake Ägeri (2023)"
91,"Surface_chla",NA,"Lake Ägeri (2023)"
91,"Bottom_DO",8.95449879711307,"Lake Ägeri (2023)"
91,"Surface_DO",10.0627897919008,"Lake Ägeri (2023)"
92,"Surface_temperature",6.8015214428074,"Lake Ägeri (2023)"
92,"Surface_chla",NA,"Lake Ägeri (2023)"
92,"Bottom_DO",9.00499198845109,"Lake Ägeri (2023)"
92,"Surface_DO",10.2175128573063,"Lake Ägeri (2023)"
93,"Surface_temperature",6.95259198607319,"Lake Ägeri (2023)"
93,"Surface_chla",NA,"Lake Ägeri (2023)"
93,"Bottom_DO",8.99889157037232,"Lake Ägeri (2023)"
93,"Surface_DO",10.2702207843261,"Lake Ägeri (2023)"
94,"Surface_temperature",6.80218846577089,"Lake Ägeri (2023)"
94,"Surface_chla",NA,"Lake Ägeri (2023)"
94,"Bottom_DO",8.94572733414701,"Lake Ägeri (2023)"
94,"Surface_DO",10.4602665147183,"Lake Ägeri (2023)"
95,"Surface_temperature",5.3445092816332,"Lake Ägeri (2023)"
95,"Surface_chla",NA,"Lake Ägeri (2023)"
95,"Bottom_DO",8.92005371290119,"Lake Ägeri (2023)"
95,"Surface_DO",10.2001373133784,"Lake Ägeri (2023)"
96,"Surface_temperature",5.07046081173589,"Lake Ägeri (2023)"
96,"Surface_chla",NA,"Lake Ägeri (2023)"
96,"Bottom_DO",9.01294694642696,"Lake Ägeri (2023)"
96,"Surface_DO",10.13755312213,"Lake Ägeri (2023)"
97,"Surface_temperature",5.23242717115093,"Lake Ägeri (2023)"
97,"Surface_chla",NA,"Lake Ägeri (2023)"
97,"Bottom_DO",9.05783475765507,"Lake Ägeri (2023)"
97,"Surface_DO",10.2655757726359,"Lake Ägeri (2023)"
98,"Surface_temperature",5.38789803921569,"Lake Ägeri (2023)"
98,"Surface_chla",NA,"Lake Ägeri (2023)"
98,"Bottom_DO",8.98003904312003,"Lake Ägeri (2023)"
98,"Surface_DO",10.2695707824626,"Lake Ägeri (2023)"
99,"Surface_temperature",5.26136565338202,"Lake Ägeri (2023)"
99,"Surface_chla",NA,"Lake Ägeri (2023)"
99,"Bottom_DO",9.30313057369376,"Lake Ägeri (2023)"
99,"Surface_DO",10.2351914523266,"Lake Ägeri (2023)"
100,"Surface_temperature",5.55939223459719,"Lake Ägeri (2023)"
100,"Surface_chla",NA,"Lake Ägeri (2023)"
100,"Bottom_DO",9.29225343020191,"Lake Ägeri (2023)"
100,"Surface_DO",10.440313124687,"Lake Ägeri (2023)"
101,"Surface_temperature",5.32087258044243,"Lake Ägeri (2023)"
101,"Surface_chla",NA,"Lake Ägeri (2023)"
101,"Bottom_DO",9.03444365549647,"Lake Ägeri (2023)"
101,"Surface_DO",10.2188797832056,"Lake Ägeri (2023)"
102,"Surface_temperature",5.24079029591193,"Lake Ägeri (2023)"
102,"Surface_chla",NA,"Lake Ägeri (2023)"
102,"Bottom_DO",9.0263911870794,"Lake Ägeri (2023)"
102,"Surface_DO",10.2232196100867,"Lake Ägeri (2023)"
103,"Surface_temperature",5.59748823548251,"Lake Ägeri (2023)"
103,"Surface_chla",NA,"Lake Ägeri (2023)"
103,"Bottom_DO",9.19057111623167,"Lake Ägeri (2023)"
103,"Surface_DO",10.4072245520582,"Lake Ägeri (2023)"
104,"Surface_temperature",5.49254451826396,"Lake Ägeri (2023)"
104,"Surface_chla",NA,"Lake Ägeri (2023)"
104,"Bottom_DO",9.19732722696425,"Lake Ägeri (2023)"
104,"Surface_DO",10.4903959757736,"Lake Ägeri (2023)"
105,"Surface_temperature",5.53409313738953,"Lake Ägeri (2023)"
105,"Surface_chla",NA,"Lake Ägeri (2023)"
105,"Bottom_DO",9.11973534313433,"Lake Ägeri (2023)"
105,"Surface_DO",10.5463077928729,"Lake Ägeri (2023)"
106,"Surface_temperature",5.68736278584834,"Lake Ägeri (2023)"
106,"Surface_chla",NA,"Lake Ägeri (2023)"
106,"Bottom_DO",8.99821954683805,"Lake Ägeri (2023)"
106,"Surface_DO",10.5165652341718,"Lake Ägeri (2023)"
107,"Surface_temperature",5.80028382217877,"Lake Ägeri (2023)"
107,"Surface_chla",NA,"Lake Ägeri (2023)"
107,"Bottom_DO",9.17526842094932,"Lake Ägeri (2023)"
107,"Surface_DO",10.6112871535641,"Lake Ägeri (2023)"
108,"Surface_temperature",5.94109648674498,"Lake Ägeri (2023)"
108,"Surface_chla",NA,"Lake Ägeri (2023)"
108,"Bottom_DO",9.1311790416408,"Lake Ägeri (2023)"
108,"Surface_DO",10.6748336866128,"Lake Ägeri (2023)"
109,"Surface_temperature",5.97821442031142,"Lake Ägeri (2023)"
109,"Surface_chla",NA,"Lake Ägeri (2023)"
109,"Bottom_DO",8.93412174662002,"Lake Ägeri (2023)"
109,"Surface_DO",10.6811776279283,"Lake Ägeri (2023)"
110,"Surface_temperature",6.36056715690792,"Lake Ägeri (2023)"
110,"Surface_chla",NA,"Lake Ägeri (2023)"
110,"Bottom_DO",8.97330574899793,"Lake Ägeri (2023)"
110,"Surface_DO",10.7935550193648,"Lake Ägeri (2023)"
111,"Surface_temperature",6.81635351346856,"Lake Ägeri (2023)"
111,"Surface_chla",NA,"Lake Ägeri (2023)"
111,"Bottom_DO",9.0916501051579,"Lake Ägeri (2023)"
111,"Surface_DO",10.7881079035911,"Lake Ägeri (2023)"
112,"Surface_temperature",6.467516070861,"Lake Ägeri (2023)"
112,"Surface_chla",NA,"Lake Ägeri (2023)"
112,"Bottom_DO",8.94114446994294,"Lake Ägeri (2023)"
112,"Surface_DO",10.9006995008094,"Lake Ägeri (2023)"
113,"Surface_temperature",6.48309754848645,"Lake Ägeri (2023)"
113,"Surface_chla",NA,"Lake Ägeri (2023)"
113,"Bottom_DO",9.14519708828072,"Lake Ägeri (2023)"
113,"Surface_DO",10.9570051393919,"Lake Ägeri (2023)"
114,"Surface_temperature",6.07372961476944,"Lake Ägeri (2023)"
114,"Surface_chla",NA,"Lake Ägeri (2023)"
114,"Bottom_DO",8.91573103656514,"Lake Ägeri (2023)"
114,"Surface_DO",10.8563476217864,"Lake Ägeri (2023)"
115,"Surface_temperature",6.57141053405422,"Lake Ägeri (2023)"
115,"Surface_chla",NA,"Lake Ägeri (2023)"
115,"Bottom_DO",9.25196909797064,"Lake Ägeri (2023)"
115,"Surface_DO",10.7883768960199,"Lake Ägeri (2023)"
116,"Surface_temperature",6.77102814549542,"Lake Ägeri (2023)"
116,"Surface_chla",NA,"Lake Ägeri (2023)"
116,"Bottom_DO",8.94697397644081,"Lake Ägeri (2023)"
116,"Surface_DO",10.8961488550884,"Lake Ägeri (2023)"
117,"Surface_temperature",6.63538802838891,"Lake Ägeri (2023)"
117,"Surface_chla",NA,"Lake Ägeri (2023)"
117,"Bottom_DO",8.92106782684215,"Lake Ägeri (2023)"
117,"Surface_DO",10.9827055287246,"Lake Ägeri (2023)"
118,"Surface_temperature",6.97720343109381,"Lake Ägeri (2023)"
118,"Surface_chla",NA,"Lake Ägeri (2023)"
118,"Bottom_DO",8.99139222890389,"Lake Ägeri (2023)"
118,"Surface_DO",11.0562012686962,"Lake Ägeri (2023)"
119,"Surface_temperature",7.3814590683564,"Lake Ägeri (2023)"
119,"Surface_chla",NA,"Lake Ägeri (2023)"
119,"Bottom_DO",8.98471179364131,"Lake Ägeri (2023)"
119,"Surface_DO",11.0265151425291,"Lake Ägeri (2023)"
120,"Surface_temperature",7.78690678803456,"Lake Ägeri (2023)"
120,"Surface_chla",NA,"Lake Ägeri (2023)"
120,"Bottom_DO",8.81186941939476,"Lake Ägeri (2023)"
120,"Surface_DO",10.996054241698,"Lake Ägeri (2023)"
121,"Surface_temperature",7.87234900094714,"Lake Ägeri (2023)"
121,"Surface_chla",NA,"Lake Ägeri (2023)"
121,"Bottom_DO",8.76645600309437,"Lake Ägeri (2023)"
121,"Surface_DO",11.0344356210539,"Lake Ägeri (2023)"
122,"Surface_temperature",7.73856421577278,"Lake Ägeri (2023)"
122,"Surface_chla",NA,"Lake Ägeri (2023)"
122,"Bottom_DO",8.93463372401525,"Lake Ägeri (2023)"
122,"Surface_DO",11.1006197221999,"Lake Ägeri (2023)"
123,"Surface_temperature",7.94741646126971,"Lake Ägeri (2023)"
123,"Surface_chla",NA,"Lake Ägeri (2023)"
123,"Bottom_DO",9.0533019694693,"Lake Ägeri (2023)"
123,"Surface_DO",11.0700539661294,"Lake Ägeri (2023)"
124,"Surface_temperature",8.33949272875264,"Lake Ägeri (2023)"
124,"Surface_chla",NA,"Lake Ägeri (2023)"
124,"Bottom_DO",8.91967215624904,"Lake Ägeri (2023)"
124,"Surface_DO",11.0721511990846,"Lake Ägeri (2023)"
125,"Surface_temperature",8.03033570204921,"Lake Ägeri (2023)"
125,"Surface_chla",NA,"Lake Ägeri (2023)"
125,"Bottom_DO",8.67913122240836,"Lake Ägeri (2023)"
125,"Surface_DO",11.2141834361182,"Lake Ägeri (2023)"
126,"Surface_temperature",7.9307423607349,"Lake Ägeri (2023)"
126,"Surface_chla",NA,"Lake Ägeri (2023)"
126,"Bottom_DO",8.70363163285086,"Lake Ägeri (2023)"
126,"Surface_DO",11.159104124474,"Lake Ägeri (2023)"
127,"Surface_temperature",8.45781715109382,"Lake Ägeri (2023)"
127,"Surface_chla",NA,"Lake Ägeri (2023)"
127,"Bottom_DO",8.64412512479461,"Lake Ägeri (2023)"
127,"Surface_DO",10.9789178957776,"Lake Ägeri (2023)"
128,"Surface_temperature",9.02624362437909,"Lake Ägeri (2023)"
128,"Surface_chla",NA,"Lake Ägeri (2023)"
128,"Bottom_DO",8.74138704268208,"Lake Ägeri (2023)"
128,"Surface_DO",11.0432503462907,"Lake Ägeri (2023)"
129,"Surface_temperature",9.25086948338194,"Lake Ägeri (2023)"
129,"Surface_chla",NA,"Lake Ägeri (2023)"
129,"Bottom_DO",8.78776740222908,"Lake Ägeri (2023)"
129,"Surface_DO",11.0485090037137,"Lake Ägeri (2023)"
130,"Surface_temperature",10.1714138498811,"Lake Ägeri (2023)"
130,"Surface_chla",NA,"Lake Ägeri (2023)"
130,"Bottom_DO",8.62392360496089,"Lake Ägeri (2023)"
130,"Surface_DO",11.0552218511286,"Lake Ägeri (2023)"
131,"Surface_temperature",10.5187206693609,"Lake Ägeri (2023)"
131,"Surface_chla",NA,"Lake Ägeri (2023)"
131,"Bottom_DO",8.41916348644251,"Lake Ägeri (2023)"
131,"Surface_DO",10.9186243081956,"Lake Ägeri (2023)"
132,"Surface_temperature",10.7777140916301,"Lake Ägeri (2023)"
132,"Surface_chla",NA,"Lake Ägeri (2023)"
132,"Bottom_DO",8.22813398043237,"Lake Ägeri (2023)"
132,"Surface_DO",10.9361698584632,"Lake Ägeri (2023)"
133,"Surface_temperature",10.7870910527178,"Lake Ägeri (2023)"
133,"Surface_chla",NA,"Lake Ägeri (2023)"
133,"Bottom_DO",8.26210222316852,"Lake Ägeri (2023)"
133,"Surface_DO",11.0242086901393,"Lake Ägeri (2023)"
134,"Surface_temperature",11.3456132344938,"Lake Ägeri (2023)"
134,"Surface_chla",NA,"Lake Ägeri (2023)"
134,"Bottom_DO",8.63097903985497,"Lake Ägeri (2023)"
134,"Surface_DO",10.9827907104063,"Lake Ägeri (2023)"
135,"Surface_temperature",11.5460142050736,"Lake Ägeri (2023)"
135,"Surface_chla",NA,"Lake Ägeri (2023)"
135,"Bottom_DO",8.37143920963047,"Lake Ägeri (2023)"
135,"Surface_DO",10.8905460998596,"Lake Ägeri (2023)"
136,"Surface_temperature",12.2518715275048,"Lake Ägeri (2023)"
136,"Surface_chla",NA,"Lake Ägeri (2023)"
136,"Bottom_DO",8.39041278498622,"Lake Ägeri (2023)"
136,"Surface_DO",10.8825425017709,"Lake Ägeri (2023)"
137,"Surface_temperature",13.0207990073518,"Lake Ägeri (2023)"
137,"Surface_chla",NA,"Lake Ägeri (2023)"
137,"Bottom_DO",8.18623153932829,"Lake Ägeri (2023)"
137,"Surface_DO",10.784639681544,"Lake Ägeri (2023)"
138,"Surface_temperature",14.2794110163619,"Lake Ägeri (2023)"
138,"Surface_chla",NA,"Lake Ägeri (2023)"
138,"Bottom_DO",7.99701838818758,"Lake Ägeri (2023)"
138,"Surface_DO",10.3490030301586,"Lake Ägeri (2023)"
139,"Surface_temperature",14.0542681371607,"Lake Ägeri (2023)"
139,"Surface_chla",NA,"Lake Ägeri (2023)"
139,"Bottom_DO",8.22531654617219,"Lake Ägeri (2023)"
139,"Surface_DO",10.2612157923519,"Lake Ägeri (2023)"
140,"Surface_temperature",14.2906898256348,"Lake Ägeri (2023)"
140,"Surface_chla",NA,"Lake Ägeri (2023)"
140,"Bottom_DO",8.44186179467435,"Lake Ägeri (2023)"
140,"Surface_DO",10.4095823427058,"Lake Ägeri (2023)"
141,"Surface_temperature",13.4752453828207,"Lake Ägeri (2023)"
141,"Surface_chla",NA,"Lake Ägeri (2023)"
141,"Bottom_DO",8.37932454753222,"Lake Ägeri (2023)"
141,"Surface_DO",10.5284248056409,"Lake Ägeri (2023)"
142,"Surface_temperature",13.4483892153547,"Lake Ägeri (2023)"
142,"Surface_chla",NA,"Lake Ägeri (2023)"
142,"Bottom_DO",8.16740963650955,"Lake Ägeri (2023)"
142,"Surface_DO",10.4120548289943,"Lake Ägeri (2023)"
143,"Surface_temperature",13.545130879645,"Lake Ägeri (2023)"
143,"Surface_chla",NA,"Lake Ägeri (2023)"
143,"Bottom_DO",8.44048033229003,"Lake Ägeri (2023)"
143,"Surface_DO",10.4326726422128,"Lake Ägeri (2023)"
144,"Surface_temperature",13.666042156682,"Lake Ägeri (2023)"
144,"Surface_chla",NA,"Lake Ägeri (2023)"
144,"Bottom_DO",8.08871198514499,"Lake Ägeri (2023)"
144,"Surface_DO",10.4087493914513,"Lake Ägeri (2023)"
145,"Surface_temperature",13.5398374177827,"Lake Ägeri (2023)"
145,"Surface_chla",NA,"Lake Ägeri (2023)"
145,"Bottom_DO",8.53055980844777,"Lake Ägeri (2023)"
145,"Surface_DO",10.5682872354946,"Lake Ägeri (2023)"
146,"Surface_temperature",13.4166671547491,"Lake Ägeri (2023)"
146,"Surface_chla",NA,"Lake Ägeri (2023)"
146,"Bottom_DO",7.95245605075898,"Lake Ägeri (2023)"
146,"Surface_DO",10.540723251392,"Lake Ägeri (2023)"
147,"Surface_temperature",13.3499187910551,"Lake Ägeri (2023)"
147,"Surface_chla",NA,"Lake Ägeri (2023)"
147,"Bottom_DO",7.77186404791728,"Lake Ägeri (2023)"
147,"Surface_DO",10.4608806404719,"Lake Ägeri (2023)"
148,"Surface_temperature",12.7541981106763,"Lake Ägeri (2023)"
148,"Surface_chla",NA,"Lake Ägeri (2023)"
148,"Bottom_DO",7.26611235759676,"Lake Ägeri (2023)"
148,"Surface_DO",10.5714491886088,"Lake Ägeri (2023)"
149,"Surface_temperature",12.3682396243767,"Lake Ägeri (2023)"
149,"Surface_chla",NA,"Lake Ägeri (2023)"
149,"Bottom_DO",8.14974258049228,"Lake Ägeri (2023)"
149,"Surface_DO",10.5830693022268,"Lake Ägeri (2023)"
150,"Surface_temperature",12.2415338234352,"Lake Ägeri (2023)"
150,"Surface_chla",NA,"Lake Ägeri (2023)"
150,"Bottom_DO",7.86990355632961,"Lake Ägeri (2023)"
150,"Surface_DO",10.5815606991696,"Lake Ägeri (2023)"
151,"Surface_temperature",12.2436753261649,"Lake Ägeri (2023)"
151,"Surface_chla",NA,"Lake Ägeri (2023)"
151,"Bottom_DO",7.3917532881497,"Lake Ägeri (2023)"
151,"Surface_DO",10.748607217241,"Lake Ägeri (2023)"
152,"Surface_temperature",12.6011207084061,"Lake Ägeri (2023)"
152,"Surface_chla",NA,"Lake Ägeri (2023)"
152,"Bottom_DO",8.10595755521739,"Lake Ägeri (2023)"
152,"Surface_DO",11.0263360489448,"Lake Ägeri (2023)"
153,"Surface_temperature",13.3349292782891,"Lake Ägeri (2023)"
153,"Surface_chla",NA,"Lake Ägeri (2023)"
153,"Bottom_DO",7.56176928568636,"Lake Ägeri (2023)"
153,"Surface_DO",10.8925744505452,"Lake Ägeri (2023)"
154,"Surface_temperature",13.7443144189629,"Lake Ägeri (2023)"
154,"Surface_chla",NA,"Lake Ägeri (2023)"
154,"Bottom_DO",7.44371321159135,"Lake Ägeri (2023)"
154,"Surface_DO",10.8278348617968,"Lake Ägeri (2023)"
155,"Surface_temperature",14.5042634009133,"Lake Ägeri (2023)"
155,"Surface_chla",NA,"Lake Ägeri (2023)"
155,"Bottom_DO",7.65493516195598,"Lake Ägeri (2023)"
155,"Surface_DO",10.5421834523927,"Lake Ägeri (2023)"
156,"Surface_temperature",13.9533894584785,"Lake Ägeri (2023)"
156,"Surface_chla",NA,"Lake Ägeri (2023)"
156,"Bottom_DO",7.29853895837665,"Lake Ägeri (2023)"
156,"Surface_DO",10.645203311274,"Lake Ägeri (2023)"
157,"Surface_temperature",15.1267981607059,"Lake Ägeri (2023)"
157,"Surface_chla",NA,"Lake Ägeri (2023)"
157,"Bottom_DO",8.03891463329318,"Lake Ägeri (2023)"
157,"Surface_DO",10.263927063194,"Lake Ägeri (2023)"
158,"Surface_temperature",16.2118996716561,"Lake Ägeri (2023)"
158,"Surface_chla",NA,"Lake Ägeri (2023)"
158,"Bottom_DO",7.15412689926984,"Lake Ägeri (2023)"
158,"Surface_DO",10.0078553538183,"Lake Ägeri (2023)"
159,"Surface_temperature",16.9716411339713,"Lake Ägeri (2023)"
159,"Surface_chla",NA,"Lake Ägeri (2023)"
159,"Bottom_DO",8.17519619040691,"Lake Ägeri (2023)"
159,"Surface_DO",9.92369157584331,"Lake Ägeri (2023)"
160,"Surface_temperature",17.6189340229803,"Lake Ägeri (2023)"
160,"Surface_chla",NA,"Lake Ägeri (2023)"
160,"Bottom_DO",7.27221980734002,"Lake Ägeri (2023)"
160,"Surface_DO",9.77706413875999,"Lake Ägeri (2023)"
161,"Surface_temperature",17.9232395422011,"Lake Ägeri (2023)"
161,"Surface_chla",NA,"Lake Ägeri (2023)"
161,"Bottom_DO",6.78649805222013,"Lake Ägeri (2023)"
161,"Surface_DO",9.60401379016156,"Lake Ägeri (2023)"
162,"Surface_temperature",18.3063428104575,"Lake Ägeri (2023)"
162,"Surface_chla",NA,"Lake Ägeri (2023)"
162,"Bottom_DO",7.07722354377471,"Lake Ägeri (2023)"
162,"Surface_DO",9.42889576296031,"Lake Ägeri (2023)"
163,"Surface_temperature",18.5765999950904,"Lake Ägeri (2023)"
163,"Surface_chla",NA,"Lake Ägeri (2023)"
163,"Bottom_DO",7.25936257900601,"Lake Ägeri (2023)"
163,"Surface_DO",9.36186240195486,"Lake Ägeri (2023)"
164,"Surface_temperature",19.0850156832613,"Lake Ägeri (2023)"
164,"Surface_chla",NA,"Lake Ägeri (2023)"
164,"Bottom_DO",7.08352670172311,"Lake Ägeri (2023)"
164,"Surface_DO",9.27146780833063,"Lake Ägeri (2023)"
165,"Surface_temperature",19.6798715683035,"Lake Ägeri (2023)"
165,"Surface_chla",NA,"Lake Ägeri (2023)"
165,"Bottom_DO",6.98756907548699,"Lake Ägeri (2023)"
165,"Surface_DO",9.19667899845879,"Lake Ägeri (2023)"
166,"Surface_temperature",19.7808078431373,"Lake Ägeri (2023)"
166,"Surface_chla",NA,"Lake Ägeri (2023)"
166,"Bottom_DO",6.99980984086624,"Lake Ägeri (2023)"
166,"Surface_DO",9.1508976102081,"Lake Ägeri (2023)"
167,"Surface_temperature",19.7499576789744,"Lake Ägeri (2023)"
167,"Surface_chla",NA,"Lake Ägeri (2023)"
167,"Bottom_DO",6.26761107426954,"Lake Ägeri (2023)"
167,"Surface_DO",9.17713415257976,"Lake Ägeri (2023)"
168,"Surface_temperature",19.7774564074688,"Lake Ägeri (2023)"
168,"Surface_chla",NA,"Lake Ägeri (2023)"
168,"Bottom_DO",7.11965667503844,"Lake Ägeri (2023)"
168,"Surface_DO",9.21455060775683,"Lake Ägeri (2023)"
169,"Surface_temperature",20.1877492598078,"Lake Ägeri (2023)"
169,"Surface_chla",NA,"Lake Ägeri (2023)"
169,"Bottom_DO",6.02658314337889,"Lake Ägeri (2023)"
169,"Surface_DO",9.18354873037614,"Lake Ägeri (2023)"
170,"Surface_temperature",20.3903433814263,"Lake Ägeri (2023)"
170,"Surface_chla",NA,"Lake Ägeri (2023)"
170,"Bottom_DO",6.54461357271016,"Lake Ägeri (2023)"
170,"Surface_DO",9.16928661240263,"Lake Ägeri (2023)"
171,"Surface_temperature",20.4607074350471,"Lake Ägeri (2023)"
171,"Surface_chla",NA,"Lake Ägeri (2023)"
171,"Bottom_DO",6.00813141863003,"Lake Ägeri (2023)"
171,"Surface_DO",9.1639580613367,"Lake Ägeri (2023)"
172,"Surface_temperature",20.6949249171261,"Lake Ägeri (2023)"
172,"Surface_chla",NA,"Lake Ägeri (2023)"
172,"Bottom_DO",5.95036996947749,"Lake Ägeri (2023)"
172,"Surface_DO",9.18748196303464,"Lake Ägeri (2023)"
173,"Surface_temperature",20.9107279381644,"Lake Ägeri (2023)"
173,"Surface_chla",NA,"Lake Ägeri (2023)"
173,"Bottom_DO",5.72509426972409,"Lake Ägeri (2023)"
173,"Surface_DO",9.13001114009899,"Lake Ägeri (2023)"
174,"Surface_temperature",21.3462480372001,"Lake Ägeri (2023)"
174,"Surface_chla",NA,"Lake Ägeri (2023)"
174,"Bottom_DO",5.0444885615712,"Lake Ägeri (2023)"
174,"Surface_DO",9.01353805581446,"Lake Ägeri (2023)"
175,"Surface_temperature",21.5625419117195,"Lake Ägeri (2023)"
175,"Surface_chla",NA,"Lake Ägeri (2023)"
175,"Bottom_DO",6.66550207028209,"Lake Ägeri (2023)"
175,"Surface_DO",8.95352407510514,"Lake Ägeri (2023)"
176,"Surface_temperature",21.3676852918589,"Lake Ägeri (2023)"
176,"Surface_chla",NA,"Lake Ägeri (2023)"
176,"Bottom_DO",6.04948901856384,"Lake Ägeri (2023)"
176,"Surface_DO",8.97756973975062,"Lake Ägeri (2023)"
177,"Surface_temperature",21.5104490792517,"Lake Ägeri (2023)"
177,"Surface_chla",NA,"Lake Ägeri (2023)"
177,"Bottom_DO",5.27860330994031,"Lake Ägeri (2023)"
177,"Surface_DO",8.9130407832422,"Lake Ägeri (2023)"
178,"Surface_temperature",21.6588521439914,"Lake Ägeri (2023)"
178,"Surface_chla",NA,"Lake Ägeri (2023)"
178,"Bottom_DO",5.81667887970716,"Lake Ägeri (2023)"
178,"Surface_DO",8.84156949992632,"Lake Ägeri (2023)"
179,"Surface_temperature",21.8373805505496,"Lake Ägeri (2023)"
179,"Surface_chla",NA,"Lake Ägeri (2023)"
179,"Bottom_DO",4.81094568375358,"Lake Ägeri (2023)"
179,"Surface_DO",8.7795487780208,"Lake Ägeri (2023)"
180,"Surface_temperature",22.2022083674265,"Lake Ägeri (2023)"
180,"Surface_chla",NA,"Lake Ägeri (2023)"
180,"Bottom_DO",5.37206483519877,"Lake Ägeri (2023)"
180,"Surface_DO",8.73246691953408,"Lake Ägeri (2023)"
181,"Surface_temperature",22.4067294119059,"Lake Ägeri (2023)"
181,"Surface_chla",NA,"Lake Ägeri (2023)"
181,"Bottom_DO",4.61059411487291,"Lake Ägeri (2023)"
181,"Surface_DO",8.62576514131964,"Lake Ägeri (2023)"
182,"Surface_temperature",22.6953585366839,"Lake Ägeri (2023)"
182,"Surface_chla",NA,"Lake Ägeri (2023)"
182,"Bottom_DO",5.07852940385789,"Lake Ägeri (2023)"
182,"Surface_DO",8.54440540002718,"Lake Ägeri (2023)"
183,"Surface_temperature",22.9270302277749,"Lake Ägeri (2023)"
183,"Surface_chla",NA,"Lake Ägeri (2023)"
183,"Bottom_DO",4.96526597834498,"Lake Ägeri (2023)"
183,"Surface_DO",8.51801837936715,"Lake Ägeri (2023)"
184,"Surface_temperature",22.9398373869232,"Lake Ägeri (2023)"
184,"Surface_chla",NA,"Lake Ägeri (2023)"
184,"Bottom_DO",5.40485538251831,"Lake Ägeri (2023)"
184,"Surface_DO",8.50586409099406,"Lake Ägeri (2023)"
185,"Surface_temperature",22.2208180558795,"Lake Ägeri (2023)"
185,"Surface_chla",NA,"Lake Ägeri (2023)"
185,"Bottom_DO",5.06047044869871,"Lake Ägeri (2023)"
185,"Surface_DO",8.6174192850202,"Lake Ägeri (2023)"
186,"Surface_temperature",22.3046052169552,"Lake Ägeri (2023)"
186,"Surface_chla",NA,"Lake Ägeri (2023)"
186,"Bottom_DO",5.29332659492818,"Lake Ägeri (2023)"
186,"Surface_DO",8.56507294695338,"Lake Ägeri (2023)"
187,"Surface_temperature",22.6774343141321,"Lake Ägeri (2023)"
187,"Surface_chla",NA,"Lake Ägeri (2023)"
187,"Bottom_DO",4.00094136467417,"Lake Ägeri (2023)"
187,"Surface_DO",8.42863131100397,"Lake Ägeri (2023)"
188,"Surface_temperature",22.8571829646484,"Lake Ägeri (2023)"
188,"Surface_chla",NA,"Lake Ägeri (2023)"
188,"Bottom_DO",5.87302677224875,"Lake Ägeri (2023)"
188,"Surface_DO",8.4700777959181,"Lake Ägeri (2023)"
189,"Surface_temperature",22.7721014275773,"Lake Ägeri (2023)"
189,"Surface_chla",NA,"Lake Ägeri (2023)"
189,"Bottom_DO",4.31978016739943,"Lake Ägeri (2023)"
189,"Surface_DO",8.4958904440795,"Lake Ägeri (2023)"
190,"Surface_temperature",22.6299433793714,"Lake Ägeri (2023)"
190,"Surface_chla",NA,"Lake Ägeri (2023)"
190,"Bottom_DO",5.59028863840943,"Lake Ägeri (2023)"
190,"Surface_DO",8.40984348231119,"Lake Ägeri (2023)"
191,"Surface_temperature",22.8742676461308,"Lake Ägeri (2023)"
191,"Surface_chla",NA,"Lake Ägeri (2023)"
191,"Bottom_DO",4.52552510621691,"Lake Ägeri (2023)"
191,"Surface_DO",8.41374023905915,"Lake Ägeri (2023)"
192,"Surface_temperature",22.5066079248366,"Lake Ägeri (2023)"
192,"Surface_chla",NA,"Lake Ägeri (2023)"
192,"Bottom_DO",4.07891376376037,"Lake Ägeri (2023)"
192,"Surface_DO",8.44580874443951,"Lake Ägeri (2023)"
193,"Surface_temperature",22.0107935052803,"Lake Ägeri (2023)"
193,"Surface_chla",NA,"Lake Ägeri (2023)"
193,"Bottom_DO",4.08532240893808,"Lake Ägeri (2023)"
193,"Surface_DO",8.60006893347665,"Lake Ägeri (2023)"
194,"Surface_temperature",21.7067230406286,"Lake Ägeri (2023)"
194,"Surface_chla",NA,"Lake Ägeri (2023)"
194,"Bottom_DO",4.43193262229407,"Lake Ägeri (2023)"
194,"Surface_DO",8.57490934023148,"Lake Ägeri (2023)"
195,"Surface_temperature",21.6154516340916,"Lake Ägeri (2023)"
195,"Surface_chla",NA,"Lake Ägeri (2023)"
195,"Bottom_DO",3.52054315630246,"Lake Ägeri (2023)"
195,"Surface_DO",8.59483105536995,"Lake Ägeri (2023)"
196,"Surface_temperature",21.760990482426,"Lake Ägeri (2023)"
196,"Surface_chla",NA,"Lake Ägeri (2023)"
196,"Bottom_DO",3.4802962188548,"Lake Ägeri (2023)"
196,"Surface_DO",8.58326342679021,"Lake Ägeri (2023)"
197,"Surface_temperature",21.5496575987928,"Lake Ägeri (2023)"
197,"Surface_chla",NA,"Lake Ägeri (2023)"
197,"Bottom_DO",2.80899408452508,"Lake Ägeri (2023)"
197,"Surface_DO",8.72541810717047,"Lake Ägeri (2023)"
198,"Surface_temperature",21.3767958580932,"Lake Ägeri (2023)"
198,"Surface_chla",NA,"Lake Ägeri (2023)"
198,"Bottom_DO",4.80205428116898,"Lake Ägeri (2023)"
198,"Surface_DO",8.76640191645696,"Lake Ägeri (2023)"
199,"Surface_temperature",21.811421704051,"Lake Ägeri (2023)"
199,"Surface_chla",NA,"Lake Ägeri (2023)"
199,"Bottom_DO",3.16720004081796,"Lake Ägeri (2023)"
199,"Surface_DO",8.67661154553622,"Lake Ägeri (2023)"
200,"Surface_temperature",22.1099426444156,"Lake Ägeri (2023)"
200,"Surface_chla",NA,"Lake Ägeri (2023)"
200,"Bottom_DO",3.56075853981652,"Lake Ägeri (2023)"
200,"Surface_DO",8.6464586012546,"Lake Ägeri (2023)"
201,"Surface_temperature",22.37758006165,"Lake Ägeri (2023)"
201,"Surface_chla",NA,"Lake Ägeri (2023)"
201,"Bottom_DO",3.05461603457962,"Lake Ägeri (2023)"
201,"Surface_DO",8.73537926926037,"Lake Ägeri (2023)"
202,"Surface_temperature",23.0338597191052,"Lake Ägeri (2023)"
202,"Surface_chla",NA,"Lake Ägeri (2023)"
202,"Bottom_DO",3.01560485004305,"Lake Ägeri (2023)"
202,"Surface_DO",8.73273243701045,"Lake Ägeri (2023)"
203,"Surface_temperature",23.4664442546163,"Lake Ägeri (2023)"
203,"Surface_chla",NA,"Lake Ägeri (2023)"
203,"Bottom_DO",3.13650344284467,"Lake Ägeri (2023)"
203,"Surface_DO",8.79272792530084,"Lake Ägeri (2023)"
204,"Surface_temperature",23.297752786172,"Lake Ägeri (2023)"
204,"Surface_chla",NA,"Lake Ägeri (2023)"
204,"Bottom_DO",2.90463575402013,"Lake Ägeri (2023)"
204,"Surface_DO",8.62043396097586,"Lake Ägeri (2023)"
205,"Surface_temperature",23.0218335784765,"Lake Ägeri (2023)"
205,"Surface_chla",NA,"Lake Ägeri (2023)"
205,"Bottom_DO",3.17369269004261,"Lake Ägeri (2023)"
205,"Surface_DO",8.46471863742544,"Lake Ägeri (2023)"
206,"Surface_temperature",22.8896130724606,"Lake Ägeri (2023)"
206,"Surface_chla",NA,"Lake Ägeri (2023)"
206,"Bottom_DO",3.0960934777765,"Lake Ägeri (2023)"
206,"Surface_DO",8.69309161001038,"Lake Ägeri (2023)"
207,"Surface_temperature",22.8891760287772,"Lake Ägeri (2023)"
207,"Surface_chla",NA,"Lake Ägeri (2023)"
207,"Bottom_DO",2.16262624159749,"Lake Ägeri (2023)"
207,"Surface_DO",8.82301726828381,"Lake Ägeri (2023)"
208,"Surface_temperature",22.8942192401961,"Lake Ägeri (2023)"
208,"Surface_chla",NA,"Lake Ägeri (2023)"
208,"Bottom_DO",2.60272839582016,"Lake Ägeri (2023)"
208,"Surface_DO",8.65253047773112,"Lake Ägeri (2023)"
209,"Surface_temperature",23.0530332107137,"Lake Ägeri (2023)"
209,"Surface_chla",NA,"Lake Ägeri (2023)"
209,"Bottom_DO",4.36435679700965,"Lake Ägeri (2023)"
209,"Surface_DO",8.63839636620598,"Lake Ägeri (2023)"
210,"Surface_temperature",23.0589544116801,"Lake Ägeri (2023)"
210,"Surface_chla",NA,"Lake Ägeri (2023)"
210,"Bottom_DO",1.86920923441181,"Lake Ägeri (2023)"
210,"Surface_DO",8.67180693394246,"Lake Ägeri (2023)"
211,"Surface_temperature",23.2879053907213,"Lake Ägeri (2023)"
211,"Surface_chla",NA,"Lake Ägeri (2023)"
211,"Bottom_DO",2.77071089292683,"Lake Ägeri (2023)"
211,"Surface_DO",8.77313780102999,"Lake Ägeri (2023)"
212,"Surface_temperature",23.4668986911642,"Lake Ägeri (2023)"
212,"Surface_chla",NA,"Lake Ägeri (2023)"
212,"Bottom_DO",2.46167170162108,"Lake Ägeri (2023)"
212,"Surface_DO",8.77151597920948,"Lake Ägeri (2023)"
213,"Surface_temperature",23.3015718136803,"Lake Ägeri (2023)"
213,"Surface_chla",NA,"Lake Ägeri (2023)"
213,"Bottom_DO",2.54284256659561,"Lake Ägeri (2023)"
213,"Surface_DO",8.70013441177526,"Lake Ägeri (2023)"
214,"Surface_temperature",23.1199390521972,"Lake Ägeri (2023)"
214,"Surface_chla",NA,"Lake Ägeri (2023)"
214,"Bottom_DO",3.54196010523641,"Lake Ägeri (2023)"
214,"Surface_DO",8.70935057530264,"Lake Ägeri (2023)"
215,"Surface_temperature",23.2575168707033,"Lake Ägeri (2023)"
215,"Surface_chla",NA,"Lake Ägeri (2023)"
215,"Bottom_DO",2.23283316190762,"Lake Ägeri (2023)"
215,"Surface_DO",8.8368192150704,"Lake Ägeri (2023)"
216,"Surface_temperature",23.1807847216441,"Lake Ägeri (2023)"
216,"Surface_chla",NA,"Lake Ägeri (2023)"
216,"Bottom_DO",2.53908798578935,"Lake Ägeri (2023)"
216,"Surface_DO",8.79687248430929,"Lake Ägeri (2023)"
217,"Surface_temperature",22.5774604979421,"Lake Ägeri (2023)"
217,"Surface_chla",NA,"Lake Ägeri (2023)"
217,"Bottom_DO",2.84716572151626,"Lake Ägeri (2023)"
217,"Surface_DO",8.85822787466295,"Lake Ägeri (2023)"
218,"Surface_temperature",21.6014776141945,"Lake Ägeri (2023)"
218,"Surface_chla",NA,"Lake Ägeri (2023)"
218,"Bottom_DO",2.12461337448473,"Lake Ägeri (2023)"
218,"Surface_DO",8.83129865044418,"Lake Ägeri (2023)"
219,"Surface_temperature",21.2951911764706,"Lake Ägeri (2023)"
219,"Surface_chla",NA,"Lake Ägeri (2023)"
219,"Bottom_DO",2.59988608202907,"Lake Ägeri (2023)"
219,"Surface_DO",8.6967700885908,"Lake Ägeri (2023)"
220,"Surface_temperature",21.4227226701682,"Lake Ägeri (2023)"
220,"Surface_chla",NA,"Lake Ägeri (2023)"
220,"Bottom_DO",2.97129121525324,"Lake Ägeri (2023)"
220,"Surface_DO",8.76123358590193,"Lake Ägeri (2023)"
221,"Surface_temperature",21.4543029397196,"Lake Ägeri (2023)"
221,"Surface_chla",NA,"Lake Ägeri (2023)"
221,"Bottom_DO",2.69340873121235,"Lake Ägeri (2023)"
221,"Surface_DO",8.68264152694026,"Lake Ägeri (2023)"
222,"Surface_temperature",21.3688929739917,"Lake Ägeri (2023)"
222,"Surface_chla",NA,"Lake Ägeri (2023)"
222,"Bottom_DO",2.31772244361645,"Lake Ägeri (2023)"
222,"Surface_DO",8.5675102973328,"Lake Ägeri (2023)"
223,"Surface_temperature",21.4501488967801,"Lake Ägeri (2023)"
223,"Surface_chla",NA,"Lake Ägeri (2023)"
223,"Bottom_DO",2.822704589523,"Lake Ägeri (2023)"
223,"Surface_DO",8.60750300938196,"Lake Ägeri (2023)"
224,"Surface_temperature",21.190105392298,"Lake Ägeri (2023)"
224,"Surface_chla",NA,"Lake Ägeri (2023)"
224,"Bottom_DO",1.91543431456578,"Lake Ägeri (2023)"
224,"Surface_DO",8.66803086026757,"Lake Ägeri (2023)"
225,"Surface_temperature",21.1524695671819,"Lake Ägeri (2023)"
225,"Surface_chla",NA,"Lake Ägeri (2023)"
225,"Bottom_DO",2.37438178207371,"Lake Ägeri (2023)"
225,"Surface_DO",8.45637296720404,"Lake Ägeri (2023)"
226,"Surface_temperature",21.028753268235,"Lake Ägeri (2023)"
226,"Surface_chla",NA,"Lake Ägeri (2023)"
226,"Bottom_DO",1.84362694026569,"Lake Ägeri (2023)"
226,"Surface_DO",8.58895672828081,"Lake Ägeri (2023)"
227,"Surface_temperature",20.838964909879,"Lake Ägeri (2023)"
227,"Surface_chla",NA,"Lake Ägeri (2023)"
227,"Bottom_DO",2.98278732715114,"Lake Ägeri (2023)"
227,"Surface_DO",8.38686526467323,"Lake Ägeri (2023)"
228,"Surface_temperature",20.5466632352941,"Lake Ägeri (2023)"
228,"Surface_chla",NA,"Lake Ägeri (2023)"
228,"Bottom_DO",2.15377609883928,"Lake Ägeri (2023)"
228,"Surface_DO",8.54420442252184,"Lake Ägeri (2023)"
229,"Surface_temperature",19.8771909742896,"Lake Ägeri (2023)"
229,"Surface_chla",NA,"Lake Ägeri (2023)"
229,"Bottom_DO",1.5982947616265,"Lake Ägeri (2023)"
229,"Surface_DO",8.86012276824067,"Lake Ägeri (2023)"
230,"Surface_temperature",19.2510914214744,"Lake Ägeri (2023)"
230,"Surface_chla",NA,"Lake Ägeri (2023)"
230,"Bottom_DO",2.04347810474984,"Lake Ägeri (2023)"
230,"Surface_DO",8.78211704074527,"Lake Ägeri (2023)"
231,"Surface_temperature",19.1041938716541,"Lake Ägeri (2023)"
231,"Surface_chla",NA,"Lake Ägeri (2023)"
231,"Bottom_DO",2.28504497073872,"Lake Ägeri (2023)"
231,"Surface_DO",8.52234393736273,"Lake Ägeri (2023)"
232,"Surface_temperature",19.0995471813726,"Lake Ägeri (2023)"
232,"Surface_chla",NA,"Lake Ägeri (2023)"
232,"Bottom_DO",2.78479541193855,"Lake Ägeri (2023)"
232,"Surface_DO",8.53249542687205,"Lake Ägeri (2023)"
233,"Surface_temperature",19.2531044094596,"Lake Ägeri (2023)"
233,"Surface_chla",NA,"Lake Ägeri (2023)"
233,"Bottom_DO",2.25908734640199,"Lake Ägeri (2023)"
233,"Surface_DO",8.56346090733719,"Lake Ägeri (2023)"
234,"Surface_temperature",19.7535880705125,"Lake Ägeri (2023)"
234,"Surface_chla",NA,"Lake Ägeri (2023)"
234,"Bottom_DO",2.32225078642894,"Lake Ägeri (2023)"
234,"Surface_DO",8.70699362658095,"Lake Ägeri (2023)"
235,"Surface_temperature",20.0702714432354,"Lake Ägeri (2023)"
235,"Surface_chla",NA,"Lake Ägeri (2023)"
235,"Bottom_DO",2.10028501825121,"Lake Ägeri (2023)"
235,"Surface_DO",8.85738167520405,"Lake Ägeri (2023)"
236,"Surface_temperature",21.2373972203592,"Lake Ägeri (2023)"
236,"Surface_chla",NA,"Lake Ägeri (2023)"
236,"Bottom_DO",1.68562016418116,"Lake Ägeri (2023)"
236,"Surface_DO",8.57201801577738,"Lake Ägeri (2023)"
237,"Surface_temperature",21.707517683374,"Lake Ägeri (2023)"
237,"Surface_chla",NA,"Lake Ägeri (2023)"
237,"Bottom_DO",1.43851397711549,"Lake Ägeri (2023)"
237,"Surface_DO",8.61440457337814,"Lake Ägeri (2023)"
238,"Surface_temperature",22.1703609462476,"Lake Ägeri (2023)"
238,"Surface_chla",NA,"Lake Ägeri (2023)"
238,"Bottom_DO",1.85802339611322,"Lake Ägeri (2023)"
238,"Surface_DO",8.43995533927794,"Lake Ägeri (2023)"
239,"Surface_temperature",22.7917832546909,"Lake Ägeri (2023)"
239,"Surface_chla",NA,"Lake Ägeri (2023)"
239,"Bottom_DO",1.99183708121226,"Lake Ägeri (2023)"
239,"Surface_DO",8.37233292492477,"Lake Ägeri (2023)"
240,"Surface_temperature",22.5055276601933,"Lake Ägeri (2023)"
240,"Surface_chla",NA,"Lake Ägeri (2023)"
240,"Bottom_DO",1.30852993932244,"Lake Ägeri (2023)"
240,"Surface_DO",8.42603390025799,"Lake Ägeri (2023)"
241,"Surface_temperature",22.0339314129469,"Lake Ägeri (2023)"
241,"Surface_chla",NA,"Lake Ägeri (2023)"
241,"Bottom_DO",2.52238988670184,"Lake Ägeri (2023)"
241,"Surface_DO",8.4402010086023,"Lake Ägeri (2023)"
242,"Surface_temperature",22.3434383951582,"Lake Ägeri (2023)"
242,"Surface_chla",NA,"Lake Ägeri (2023)"
242,"Bottom_DO",1.76630342139514,"Lake Ägeri (2023)"
242,"Surface_DO",8.33570420352738,"Lake Ägeri (2023)"
243,"Surface_temperature",22.6741471100473,"Lake Ägeri (2023)"
243,"Surface_chla",NA,"Lake Ägeri (2023)"
243,"Bottom_DO",1.42634950235684,"Lake Ägeri (2023)"
243,"Surface_DO",8.40628692428195,"Lake Ägeri (2023)"
244,"Surface_temperature",23.2460491763888,"Lake Ägeri (2023)"
244,"Surface_chla",NA,"Lake Ägeri (2023)"
244,"Bottom_DO",2.05134975322614,"Lake Ägeri (2023)"
244,"Surface_DO",8.29259798759376,"Lake Ägeri (2023)"
245,"Surface_temperature",23.7996331901801,"Lake Ägeri (2023)"
245,"Surface_chla",NA,"Lake Ägeri (2023)"
245,"Bottom_DO",1.62615792753281,"Lake Ägeri (2023)"
245,"Surface_DO",8.18563204094418,"Lake Ägeri (2023)"
246,"Surface_temperature",24.3870753178496,"Lake Ägeri (2023)"
246,"Surface_chla",NA,"Lake Ägeri (2023)"
246,"Bottom_DO",2.55314768710968,"Lake Ägeri (2023)"
246,"Surface_DO",8.1880481707534,"Lake Ägeri (2023)"
247,"Surface_temperature",24.47220383899,"Lake Ägeri (2023)"
247,"Surface_chla",NA,"Lake Ägeri (2023)"
247,"Bottom_DO",1.48858774647773,"Lake Ägeri (2023)"
247,"Surface_DO",8.28801350939534,"Lake Ägeri (2023)"
248,"Surface_temperature",24.2586468249673,"Lake Ägeri (2023)"
248,"Surface_chla",NA,"Lake Ägeri (2023)"
248,"Bottom_DO",0.755322143324226,"Lake Ägeri (2023)"
248,"Surface_DO",8.43843141829262,"Lake Ägeri (2023)"
249,"Surface_temperature",23.563389894485,"Lake Ägeri (2023)"
249,"Surface_chla",NA,"Lake Ägeri (2023)"
249,"Bottom_DO",1.20580067980724,"Lake Ägeri (2023)"
249,"Surface_DO",8.23598369360376,"Lake Ägeri (2023)"
250,"Surface_temperature",22.5792768380658,"Lake Ägeri (2023)"
250,"Surface_chla",NA,"Lake Ägeri (2023)"
250,"Bottom_DO",1.47170827728419,"Lake Ägeri (2023)"
250,"Surface_DO",8.38346780129653,"Lake Ägeri (2023)"
251,"Surface_temperature",21.4655007352489,"Lake Ägeri (2023)"
251,"Surface_chla",NA,"Lake Ägeri (2023)"
251,"Bottom_DO",1.48497228419461,"Lake Ägeri (2023)"
251,"Surface_DO",8.43414062653129,"Lake Ägeri (2023)"
252,"Surface_temperature",20.5021254901961,"Lake Ägeri (2023)"
252,"Surface_chla",NA,"Lake Ägeri (2023)"
252,"Bottom_DO",1.88767800362889,"Lake Ägeri (2023)"
252,"Surface_DO",8.3362012214489,"Lake Ägeri (2023)"
253,"Surface_temperature",20.2375745098039,"Lake Ägeri (2023)"
253,"Surface_chla",NA,"Lake Ägeri (2023)"
253,"Bottom_DO",1.66011178855914,"Lake Ägeri (2023)"
253,"Surface_DO",8.36767004844522,"Lake Ägeri (2023)"
254,"Surface_temperature",19.9993449580284,"Lake Ägeri (2023)"
254,"Surface_chla",NA,"Lake Ägeri (2023)"
254,"Bottom_DO",2.49002029136462,"Lake Ägeri (2023)"
254,"Surface_DO",8.60682216099873,"Lake Ägeri (2023)"
255,"Surface_temperature",20.0062070666734,"Lake Ägeri (2023)"
255,"Surface_chla",NA,"Lake Ägeri (2023)"
255,"Bottom_DO",1.46038790510896,"Lake Ägeri (2023)"
255,"Surface_DO",8.66718165436343,"Lake Ägeri (2023)"
256,"Surface_temperature",20.2180687892516,"Lake Ägeri (2023)"
256,"Surface_chla",NA,"Lake Ägeri (2023)"
256,"Bottom_DO",2.00213064154656,"Lake Ägeri (2023)"
256,"Surface_DO",8.74560186578996,"Lake Ägeri (2023)"
257,"Surface_temperature",20.6450974666444,"Lake Ägeri (2023)"
257,"Surface_chla",NA,"Lake Ägeri (2023)"
257,"Bottom_DO",1.61111924954964,"Lake Ägeri (2023)"
257,"Surface_DO",8.78068796170549,"Lake Ägeri (2023)"
258,"Surface_temperature",20.7292959946978,"Lake Ägeri (2023)"
258,"Surface_chla",NA,"Lake Ägeri (2023)"
258,"Bottom_DO",1.61103780155418,"Lake Ägeri (2023)"
258,"Surface_DO",8.52854328587056,"Lake Ägeri (2023)"
259,"Surface_temperature",21.255049754902,"Lake Ägeri (2023)"
259,"Surface_chla",NA,"Lake Ägeri (2023)"
259,"Bottom_DO",1.3649365549163,"Lake Ägeri (2023)"
259,"Surface_DO",8.99135689880806,"Lake Ägeri (2023)"
260,"Surface_temperature",21.3810351713801,"Lake Ägeri (2023)"
260,"Surface_chla",NA,"Lake Ägeri (2023)"
260,"Bottom_DO",1.00909326391561,"Lake Ägeri (2023)"
260,"Surface_DO",9.04509565676939,"Lake Ägeri (2023)"
261,"Surface_temperature",21.6492244549436,"Lake Ägeri (2023)"
261,"Surface_chla",NA,"Lake Ägeri (2023)"
261,"Bottom_DO",0.868750420477333,"Lake Ägeri (2023)"
261,"Surface_DO",9.11869364806734,"Lake Ägeri (2023)"
262,"Surface_temperature",22.2186827203028,"Lake Ägeri (2023)"
262,"Surface_chla",NA,"Lake Ägeri (2023)"
262,"Bottom_DO",1.0026530960098,"Lake Ägeri (2023)"
262,"Surface_DO",8.90686544488683,"Lake Ägeri (2023)"
263,"Surface_temperature",22.297562742427,"Lake Ägeri (2023)"
263,"Surface_chla",NA,"Lake Ägeri (2023)"
263,"Bottom_DO",0.904589818531356,"Lake Ägeri (2023)"
263,"Surface_DO",9.04102837710347,"Lake Ägeri (2023)"
264,"Surface_temperature",22.7509652776366,"Lake Ägeri (2023)"
264,"Surface_chla",NA,"Lake Ägeri (2023)"
264,"Bottom_DO",0.931157684902494,"Lake Ägeri (2023)"
264,"Surface_DO",9.00903509094033,"Lake Ägeri (2023)"
265,"Surface_temperature",23.1219555007271,"Lake Ägeri (2023)"
265,"Surface_chla",NA,"Lake Ägeri (2023)"
265,"Bottom_DO",0.881489412699448,"Lake Ägeri (2023)"
265,"Surface_DO",8.78018703087906,"Lake Ägeri (2023)"
266,"Surface_temperature",22.9424500022395,"Lake Ägeri (2023)"
266,"Surface_chla",NA,"Lake Ägeri (2023)"
266,"Bottom_DO",0.776742168843676,"Lake Ägeri (2023)"
266,"Surface_DO",9.1090920608115,"Lake Ägeri (2023)"
267,"Surface_temperature",22.6171419116235,"Lake Ägeri (2023)"
267,"Surface_chla",NA,"Lake Ägeri (2023)"
267,"Bottom_DO",0.993318232656986,"Lake Ägeri (2023)"
267,"Surface_DO",8.7595906179075,"Lake Ägeri (2023)"
268,"Surface_temperature",21.9932447318757,"Lake Ägeri (2023)"
268,"Surface_chla",NA,"Lake Ägeri (2023)"
268,"Bottom_DO",0.89386682034628,"Lake Ägeri (2023)"
268,"Surface_DO",8.75748655906329,"Lake Ägeri (2023)"
269,"Surface_temperature",21.8000916671989,"Lake Ägeri (2023)"
269,"Surface_chla",NA,"Lake Ägeri (2023)"
269,"Bottom_DO",0.97663380811074,"Lake Ägeri (2023)"
269,"Surface_DO",8.57558300157856,"Lake Ägeri (2023)"
270,"Surface_temperature",21.8498962007291,"Lake Ägeri (2023)"
270,"Surface_chla",NA,"Lake Ägeri (2023)"
270,"Bottom_DO",0.800460298758403,"Lake Ägeri (2023)"
270,"Surface_DO",8.95556263877686,"Lake Ägeri (2023)"
271,"Surface_temperature",21.8196128292997,"Lake Ägeri (2023)"
271,"Surface_chla",NA,"Lake Ägeri (2023)"
271,"Bottom_DO",0.704938524726729,"Lake Ägeri (2023)"
271,"Surface_DO",8.99235591301005,"Lake Ägeri (2023)"
272,"Surface_temperature",21.1896747783441,"Lake Ägeri (2023)"
272,"Surface_chla",NA,"Lake Ägeri (2023)"
272,"Bottom_DO",0.674661256179872,"Lake Ägeri (2023)"
272,"Surface_DO",8.95839129104758,"Lake Ägeri (2023)"
273,"Surface_temperature",20.718210293553,"Lake Ägeri (2023)"
273,"Surface_chla",NA,"Lake Ägeri (2023)"
273,"Bottom_DO",1.29167559414899,"Lake Ägeri (2023)"
273,"Surface_DO",8.7871631148009,"Lake Ägeri (2023)"
274,"Surface_temperature",20.5907477939254,"Lake Ägeri (2023)"
274,"Surface_chla",NA,"Lake Ägeri (2023)"
274,"Bottom_DO",1.08634449492097,"Lake Ägeri (2023)"
274,"Surface_DO",8.7100932810649,"Lake Ägeri (2023)"
275,"Surface_temperature",20.628621895171,"Lake Ägeri (2023)"
275,"Surface_chla",NA,"Lake Ägeri (2023)"
275,"Bottom_DO",0.930822511918868,"Lake Ägeri (2023)"
275,"Surface_DO",8.99025719385024,"Lake Ägeri (2023)"
276,"Surface_temperature",20.1925568627451,"Lake Ägeri (2023)"
276,"Surface_chla",NA,"Lake Ägeri (2023)"
276,"Bottom_DO",0.9248086682172,"Lake Ägeri (2023)"
276,"Surface_DO",8.93617202298918,"Lake Ägeri (2023)"
277,"Surface_temperature",19.7929220585525,"Lake Ägeri (2023)"
277,"Surface_chla",NA,"Lake Ägeri (2023)"
277,"Bottom_DO",0.981139352705031,"Lake Ägeri (2023)"
277,"Surface_DO",8.91934500765597,"Lake Ägeri (2023)"
278,"Surface_temperature",19.5311192377275,"Lake Ägeri (2023)"
278,"Surface_chla",NA,"Lake Ägeri (2023)"
278,"Bottom_DO",1.07096562438031,"Lake Ägeri (2023)"
278,"Surface_DO",8.91434898182576,"Lake Ägeri (2023)"
279,"Surface_temperature",19.3427071078431,"Lake Ägeri (2023)"
279,"Surface_chla",NA,"Lake Ägeri (2023)"
279,"Bottom_DO",1.18411979847187,"Lake Ägeri (2023)"
279,"Surface_DO",8.65988413436751,"Lake Ägeri (2023)"
280,"Surface_temperature",19.2121023684227,"Lake Ägeri (2023)"
280,"Surface_chla",NA,"Lake Ägeri (2023)"
280,"Bottom_DO",1.36578180202136,"Lake Ägeri (2023)"
280,"Surface_DO",8.51465827296955,"Lake Ägeri (2023)"
281,"Surface_temperature",19.2029792886115,"Lake Ägeri (2023)"
281,"Surface_chla",NA,"Lake Ägeri (2023)"
281,"Bottom_DO",1.29496984648439,"Lake Ägeri (2023)"
281,"Surface_DO",8.57443595192214,"Lake Ägeri (2023)"
282,"Surface_temperature",19.2758822222222,"Lake Ägeri (2023)"
282,"Surface_chla",11.88,"Lake Ägeri (2023)"
282,"Bottom_DO",1.24132677161777,"Lake Ägeri (2023)"
282,"Surface_DO",9.08462076603333,"Lake Ägeri (2023)"
283,"Surface_temperature",19.3597287988197,"Lake Ägeri (2023)"
283,"Surface_chla",17.725,"Lake Ägeri (2023)"
283,"Bottom_DO",NA,"Lake Ägeri (2023)"
283,"Surface_DO",10.085384987092,"Lake Ägeri (2023)"
284,"Surface_temperature",19.2952787967589,"Lake Ägeri (2023)"
284,"Surface_chla",19.5174754901961,"Lake Ägeri (2023)"
284,"Bottom_DO",NA,"Lake Ägeri (2023)"
284,"Surface_DO",10.1959625210901,"Lake Ägeri (2023)"
285,"Surface_temperature",19.2323654395954,"Lake Ägeri (2023)"
285,"Surface_chla",20.1664215686274,"Lake Ägeri (2023)"
285,"Bottom_DO",NA,"Lake Ägeri (2023)"
285,"Surface_DO",10.1304786127491,"Lake Ägeri (2023)"
286,"Surface_temperature",19.2116856216209,"Lake Ägeri (2023)"
286,"Surface_chla",21.1801103152933,"Lake Ägeri (2023)"
286,"Bottom_DO",NA,"Lake Ägeri (2023)"
286,"Surface_DO",10.2344554708418,"Lake Ägeri (2023)"
287,"Surface_temperature",19.3746364781268,"Lake Ägeri (2023)"
287,"Surface_chla",19.7877698009416,"Lake Ägeri (2023)"
287,"Bottom_DO",NA,"Lake Ägeri (2023)"
287,"Surface_DO",10.3105549906869,"Lake Ägeri (2023)"
288,"Surface_temperature",19.2051446894973,"Lake Ägeri (2023)"
288,"Surface_chla",18.59875,"Lake Ägeri (2023)"
288,"Bottom_DO",NA,"Lake Ägeri (2023)"
288,"Surface_DO",10.2148007259061,"Lake Ägeri (2023)"
289,"Surface_temperature",18.9678829243661,"Lake Ägeri (2023)"
289,"Surface_chla",19.1106803016414,"Lake Ägeri (2023)"
289,"Bottom_DO",NA,"Lake Ägeri (2023)"
289,"Surface_DO",10.141169953104,"Lake Ägeri (2023)"
290,"Surface_temperature",18.8271259803922,"Lake Ägeri (2023)"
290,"Surface_chla",21.63125,"Lake Ägeri (2023)"
290,"Bottom_DO",NA,"Lake Ägeri (2023)"
290,"Surface_DO",10.0919606914566,"Lake Ägeri (2023)"
291,"Surface_temperature",18.7856373770039,"Lake Ägeri (2023)"
291,"Surface_chla",18.79375,"Lake Ägeri (2023)"
291,"Bottom_DO",NA,"Lake Ägeri (2023)"
291,"Surface_DO",10.1449463618277,"Lake Ägeri (2023)"
292,"Surface_temperature",18.7819969361842,"Lake Ägeri (2023)"
292,"Surface_chla",17.5614285714286,"Lake Ägeri (2023)"
292,"Bottom_DO",NA,"Lake Ägeri (2023)"
292,"Surface_DO",10.2779980602233,"Lake Ägeri (2023)"
293,"Surface_temperature",18.7886444852941,"Lake Ägeri (2023)"
293,"Surface_chla",NA,"Lake Ägeri (2023)"
293,"Bottom_DO",NA,"Lake Ägeri (2023)"
293,"Surface_DO",10.222860888195,"Lake Ägeri (2023)"
294,"Surface_temperature",18.7379879144987,"Lake Ägeri (2023)"
294,"Surface_chla",NA,"Lake Ägeri (2023)"
294,"Bottom_DO",NA,"Lake Ägeri (2023)"
294,"Surface_DO",10.2043222167763,"Lake Ägeri (2023)"
295,"Surface_temperature",18.7169453021934,"Lake Ägeri (2023)"
295,"Surface_chla",NA,"Lake Ägeri (2023)"
295,"Bottom_DO",NA,"Lake Ägeri (2023)"
295,"Surface_DO",10.1426166898784,"Lake Ägeri (2023)"
296,"Surface_temperature",18.6763131127451,"Lake Ägeri (2023)"
296,"Surface_chla",NA,"Lake Ägeri (2023)"
296,"Bottom_DO",NA,"Lake Ägeri (2023)"
296,"Surface_DO",10.2249049387246,"Lake Ägeri (2023)"
297,"Surface_temperature",18.6223312500706,"Lake Ägeri (2023)"
297,"Surface_chla",NA,"Lake Ägeri (2023)"
297,"Bottom_DO",NA,"Lake Ägeri (2023)"
297,"Surface_DO",10.2773425001212,"Lake Ägeri (2023)"
298,"Surface_temperature",18.3210596211451,"Lake Ägeri (2023)"
298,"Surface_chla",NA,"Lake Ägeri (2023)"
298,"Bottom_DO",NA,"Lake Ägeri (2023)"
298,"Surface_DO",10.2531648639585,"Lake Ägeri (2023)"
299,"Surface_temperature",17.8854948935665,"Lake Ägeri (2023)"
299,"Surface_chla",NA,"Lake Ägeri (2023)"
299,"Bottom_DO",NA,"Lake Ägeri (2023)"
299,"Surface_DO",10.1438907087973,"Lake Ägeri (2023)"
300,"Surface_temperature",17.4465083328361,"Lake Ägeri (2023)"
300,"Surface_chla",NA,"Lake Ägeri (2023)"
300,"Bottom_DO",NA,"Lake Ägeri (2023)"
300,"Surface_DO",10.1566280697013,"Lake Ägeri (2023)"
301,"Surface_temperature",17.1606107843137,"Lake Ägeri (2023)"
301,"Surface_chla",NA,"Lake Ägeri (2023)"
301,"Bottom_DO",NA,"Lake Ägeri (2023)"
301,"Surface_DO",10.0816536631029,"Lake Ägeri (2023)"
302,"Surface_temperature",16.8875686276825,"Lake Ägeri (2023)"
302,"Surface_chla",NA,"Lake Ägeri (2023)"
302,"Bottom_DO",NA,"Lake Ägeri (2023)"
302,"Surface_DO",10.1763607342808,"Lake Ägeri (2023)"
303,"Surface_temperature",16.7982555436853,"Lake Ägeri (2023)"
303,"Surface_chla",NA,"Lake Ägeri (2023)"
303,"Bottom_DO",NA,"Lake Ägeri (2023)"
303,"Surface_DO",10.1582035429846,"Lake Ägeri (2023)"
304,"Surface_temperature",16.4330209343618,"Lake Ägeri (2023)"
304,"Surface_chla",NA,"Lake Ägeri (2023)"
304,"Bottom_DO",NA,"Lake Ägeri (2023)"
304,"Surface_DO",10.1554498164174,"Lake Ägeri (2023)"
305,"Surface_temperature",16.1772297017596,"Lake Ägeri (2023)"
305,"Surface_chla",NA,"Lake Ägeri (2023)"
305,"Bottom_DO",NA,"Lake Ägeri (2023)"
305,"Surface_DO",10.0230277835756,"Lake Ägeri (2023)"
306,"Surface_temperature",15.8610578433254,"Lake Ägeri (2023)"
306,"Surface_chla",NA,"Lake Ägeri (2023)"
306,"Bottom_DO",NA,"Lake Ägeri (2023)"
306,"Surface_DO",10.0901989949732,"Lake Ägeri (2023)"
307,"Surface_temperature",15.6479631127451,"Lake Ägeri (2023)"
307,"Surface_chla",NA,"Lake Ägeri (2023)"
307,"Bottom_DO",NA,"Lake Ägeri (2023)"
307,"Surface_DO",10.1601212186397,"Lake Ägeri (2023)"
308,"Surface_temperature",15.2942258053673,"Lake Ägeri (2023)"
308,"Surface_chla",NA,"Lake Ägeri (2023)"
308,"Bottom_DO",NA,"Lake Ägeri (2023)"
308,"Surface_DO",10.1471534938139,"Lake Ägeri (2023)"
309,"Surface_temperature",15.1051694852471,"Lake Ägeri (2023)"
309,"Surface_chla",NA,"Lake Ägeri (2023)"
309,"Bottom_DO",NA,"Lake Ägeri (2023)"
309,"Surface_DO",10.2138332744242,"Lake Ägeri (2023)"
310,"Surface_temperature",14.9315530637255,"Lake Ägeri (2023)"
310,"Surface_chla",NA,"Lake Ägeri (2023)"
310,"Bottom_DO",NA,"Lake Ägeri (2023)"
310,"Surface_DO",10.2204563145726,"Lake Ägeri (2023)"
311,"Surface_temperature",14.6751346950833,"Lake Ägeri (2023)"
311,"Surface_chla",NA,"Lake Ägeri (2023)"
311,"Bottom_DO",NA,"Lake Ägeri (2023)"
311,"Surface_DO",10.247579911586,"Lake Ägeri (2023)"
312,"Surface_temperature",14.4304292893099,"Lake Ägeri (2023)"
312,"Surface_chla",NA,"Lake Ägeri (2023)"
312,"Bottom_DO",NA,"Lake Ägeri (2023)"
312,"Surface_DO",10.2073178357413,"Lake Ägeri (2023)"
313,"Surface_temperature",14.1040634804864,"Lake Ägeri (2023)"
313,"Surface_chla",NA,"Lake Ägeri (2023)"
313,"Bottom_DO",NA,"Lake Ägeri (2023)"
313,"Surface_DO",10.2865855797952,"Lake Ägeri (2023)"
314,"Surface_temperature",13.8786662932214,"Lake Ägeri (2023)"
314,"Surface_chla",NA,"Lake Ägeri (2023)"
314,"Bottom_DO",NA,"Lake Ägeri (2023)"
314,"Surface_DO",10.270429676084,"Lake Ägeri (2023)"
315,"Surface_temperature",13.673684068763,"Lake Ägeri (2023)"
315,"Surface_chla",NA,"Lake Ägeri (2023)"
315,"Bottom_DO",NA,"Lake Ägeri (2023)"
315,"Surface_DO",10.0938785763876,"Lake Ägeri (2023)"
316,"Surface_temperature",13.4448640522273,"Lake Ägeri (2023)"
316,"Surface_chla",NA,"Lake Ägeri (2023)"
316,"Bottom_DO",0.177041559767424,"Lake Ägeri (2023)"
316,"Surface_DO",9.93547895808378,"Lake Ägeri (2023)"
317,"Surface_temperature",13.0726055211292,"Lake Ägeri (2023)"
317,"Surface_chla",NA,"Lake Ägeri (2023)"
317,"Bottom_DO",0.0876139486184867,"Lake Ägeri (2023)"
317,"Surface_DO",10.0779668315067,"Lake Ägeri (2023)"
318,"Surface_temperature",12.7453039215686,"Lake Ägeri (2023)"
318,"Surface_chla",2.5,"Lake Ägeri (2023)"
318,"Bottom_DO",0.83455747967303,"Lake Ägeri (2023)"
318,"Surface_DO",10.0926854419941,"Lake Ägeri (2023)"
319,"Surface_temperature",12.4445253265621,"Lake Ägeri (2023)"
319,"Surface_chla",2.87911111111111,"Lake Ägeri (2023)"
319,"Bottom_DO",0.0746228600076651,"Lake Ägeri (2023)"
319,"Surface_DO",10.1834201363397,"Lake Ägeri (2023)"
320,"Surface_temperature",11.950931372557,"Lake Ägeri (2023)"
320,"Surface_chla",3.37,"Lake Ägeri (2023)"
320,"Bottom_DO",0.553478252601802,"Lake Ägeri (2023)"
320,"Surface_DO",10.1158189348054,"Lake Ägeri (2023)"
321,"Surface_temperature",11.755318136313,"Lake Ägeri (2023)"
321,"Surface_chla",2.965,"Lake Ägeri (2023)"
321,"Bottom_DO",0.410704565624681,"Lake Ägeri (2023)"
321,"Surface_DO",10.0688443672636,"Lake Ägeri (2023)"
322,"Surface_temperature",11.5429869281046,"Lake Ägeri (2023)"
322,"Surface_chla",3.14,"Lake Ägeri (2023)"
322,"Bottom_DO",0.313326367825745,"Lake Ägeri (2023)"
322,"Surface_DO",10.1077933865877,"Lake Ägeri (2023)"
323,"Surface_temperature",11.313211765271,"Lake Ägeri (2023)"
323,"Surface_chla",3.97,"Lake Ägeri (2023)"
323,"Bottom_DO",0.181116166021326,"Lake Ägeri (2023)"
323,"Surface_DO",10.0606035413312,"Lake Ägeri (2023)"
324,"Surface_temperature",11.0947647058824,"Lake Ägeri (2023)"
324,"Surface_chla",2.84512745098039,"Lake Ägeri (2023)"
324,"Bottom_DO",0.170689169183912,"Lake Ägeri (2023)"
324,"Surface_DO",10.1140647384844,"Lake Ägeri (2023)"
325,"Surface_temperature",10.8990767981813,"Lake Ägeri (2023)"
325,"Surface_chla",2.78916666666667,"Lake Ägeri (2023)"
325,"Bottom_DO",0.111010241655326,"Lake Ägeri (2023)"
325,"Surface_DO",10.164534275401,"Lake Ägeri (2023)"
326,"Surface_temperature",10.5804681368781,"Lake Ägeri (2023)"
326,"Surface_chla",3.205,"Lake Ägeri (2023)"
326,"Bottom_DO",0.729254395085731,"Lake Ägeri (2023)"
326,"Surface_DO",10.14037208337,"Lake Ägeri (2023)"
327,"Surface_temperature",10.3389286764706,"Lake Ägeri (2023)"
327,"Surface_chla",2.9248137254902,"Lake Ägeri (2023)"
327,"Bottom_DO",0.108586281706285,"Lake Ägeri (2023)"
327,"Surface_DO",10.0899952665258,"Lake Ägeri (2023)"
328,"Surface_temperature",10.2614921566744,"Lake Ägeri (2023)"
328,"Surface_chla",3.4025,"Lake Ägeri (2023)"
328,"Bottom_DO",0.00113044044754612,"Lake Ägeri (2023)"
328,"Surface_DO",10.1384229663225,"Lake Ägeri (2023)"
329,"Surface_temperature",10.209210620915,"Lake Ägeri (2023)"
329,"Surface_chla",2.83,"Lake Ägeri (2023)"
329,"Bottom_DO",-0.00108957181327113,"Lake Ägeri (2023)"
329,"Surface_DO",10.1161886934497,"Lake Ägeri (2023)"
330,"Surface_temperature",9.99202475490196,"Lake Ägeri (2023)"
330,"Surface_chla",3.1525,"Lake Ägeri (2023)"
330,"Bottom_DO",1.02780443626343,"Lake Ägeri (2023)"
330,"Surface_DO",10.0833515165936,"Lake Ägeri (2023)"
331,"Surface_temperature",9.78665629084967,"Lake Ägeri (2023)"
331,"Surface_chla",3.3675,"Lake Ägeri (2023)"
331,"Bottom_DO",0.0435828844625255,"Lake Ägeri (2023)"
331,"Surface_DO",10.0435236882791,"Lake Ägeri (2023)"
332,"Surface_temperature",9.47410994422528,"Lake Ägeri (2023)"
332,"Surface_chla",3.6225,"Lake Ägeri (2023)"
332,"Bottom_DO",2.36602745657385,"Lake Ägeri (2023)"
332,"Surface_DO",9.95467876172366,"Lake Ägeri (2023)"
333,"Surface_temperature",9.32332687903775,"Lake Ägeri (2023)"
333,"Surface_chla",3.45597061084194,"Lake Ägeri (2023)"
333,"Bottom_DO",0.375373170991268,"Lake Ägeri (2023)"
333,"Surface_DO",9.94099062230914,"Lake Ägeri (2023)"
334,"Surface_temperature",9.23423848044298,"Lake Ägeri (2023)"
334,"Surface_chla",3.2325,"Lake Ägeri (2023)"
334,"Bottom_DO",1.38983135038825,"Lake Ägeri (2023)"
334,"Surface_DO",9.96697602392997,"Lake Ägeri (2023)"
335,"Surface_temperature",9.15013071895425,"Lake Ägeri (2023)"
335,"Surface_chla",2.5875,"Lake Ägeri (2023)"
335,"Bottom_DO",0.111852819078355,"Lake Ägeri (2023)"
335,"Surface_DO",9.98663621742094,"Lake Ägeri (2023)"
336,"Surface_temperature",9.0723637256709,"Lake Ägeri (2023)"
336,"Surface_chla",3.0575,"Lake Ägeri (2023)"
336,"Bottom_DO",0.682559829720334,"Lake Ägeri (2023)"
336,"Surface_DO",9.92488014847725,"Lake Ägeri (2023)"
337,"Surface_temperature",8.92894607843137,"Lake Ägeri (2023)"
337,"Surface_chla",2.8275,"Lake Ägeri (2023)"
337,"Bottom_DO",1.64682163628548,"Lake Ägeri (2023)"
337,"Surface_DO",9.95718400171781,"Lake Ägeri (2023)"
338,"Surface_temperature",8.78009607843137,"Lake Ägeri (2023)"
338,"Surface_chla",3.435,"Lake Ägeri (2023)"
338,"Bottom_DO",0.940943707291892,"Lake Ägeri (2023)"
338,"Surface_DO",9.78070962149994,"Lake Ägeri (2023)"
339,"Surface_temperature",8.57205024509804,"Lake Ägeri (2023)"
339,"Surface_chla",3.2425,"Lake Ägeri (2023)"
339,"Bottom_DO",0.730179453115295,"Lake Ägeri (2023)"
339,"Surface_DO",9.91042899597696,"Lake Ägeri (2023)"
340,"Surface_temperature",8.20391454292989,"Lake Ägeri (2023)"
340,"Surface_chla",2.7475,"Lake Ägeri (2023)"
340,"Bottom_DO",2.43543536064107,"Lake Ägeri (2023)"
340,"Surface_DO",9.85644578476168,"Lake Ägeri (2023)"
341,"Surface_temperature",8.02770392138024,"Lake Ägeri (2023)"
341,"Surface_chla",3.2825,"Lake Ägeri (2023)"
341,"Bottom_DO",1.04081661991345,"Lake Ägeri (2023)"
341,"Surface_DO",9.82432300560414,"Lake Ägeri (2023)"
342,"Surface_temperature",7.9045,"Lake Ägeri (2023)"
342,"Surface_chla",4.1875,"Lake Ägeri (2023)"
342,"Bottom_DO",2.27741124720852,"Lake Ägeri (2023)"
342,"Surface_DO",9.86866297084263,"Lake Ägeri (2023)"
343,"Surface_temperature",7.6500522875817,"Lake Ägeri (2023)"
343,"Surface_chla",1.7975,"Lake Ägeri (2023)"
343,"Bottom_DO",1.65454607153215,"Lake Ägeri (2023)"
343,"Surface_DO",9.75612172677977,"Lake Ägeri (2023)"
344,"Surface_temperature",7.53872314406155,"Lake Ägeri (2023)"
344,"Surface_chla",4.2475,"Lake Ägeri (2023)"
344,"Bottom_DO",2.40122442194926,"Lake Ägeri (2023)"
344,"Surface_DO",9.77211406499563,"Lake Ägeri (2023)"
345,"Surface_temperature",7.40905392156863,"Lake Ägeri (2023)"
345,"Surface_chla",2.42,"Lake Ägeri (2023)"
345,"Bottom_DO",0.735827230770276,"Lake Ägeri (2023)"
345,"Surface_DO",9.72783757020696,"Lake Ägeri (2023)"
346,"Surface_temperature",7.35423039096341,"Lake Ägeri (2023)"
346,"Surface_chla",2.26,"Lake Ägeri (2023)"
346,"Bottom_DO",1.46950314676499,"Lake Ägeri (2023)"
346,"Surface_DO",9.78445692242021,"Lake Ägeri (2023)"
347,"Surface_temperature",7.11038431297194,"Lake Ägeri (2023)"
347,"Surface_chla",1.98,"Lake Ägeri (2023)"
347,"Bottom_DO",0.839157523277653,"Lake Ägeri (2023)"
347,"Surface_DO",9.80625110456634,"Lake Ägeri (2023)"
348,"Surface_temperature",6.952,"Lake Ägeri (2023)"
348,"Surface_chla",2.21,"Lake Ägeri (2023)"
348,"Bottom_DO",0.978400875483181,"Lake Ägeri (2023)"
348,"Surface_DO",9.70346718199011,"Lake Ägeri (2023)"
349,"Surface_temperature",6.71940441176471,"Lake Ägeri (2023)"
349,"Surface_chla",2.54,"Lake Ägeri (2023)"
349,"Bottom_DO",1.60930141602045,"Lake Ägeri (2023)"
349,"Surface_DO",9.75450841778777,"Lake Ägeri (2023)"
350,"Surface_temperature",6.65992320261438,"Lake Ägeri (2023)"
350,"Surface_chla",2.615,"Lake Ägeri (2023)"
350,"Bottom_DO",2.4632952923592,"Lake Ägeri (2023)"
350,"Surface_DO",9.77017480652781,"Lake Ägeri (2023)"
351,"Surface_temperature",6.60278431372549,"Lake Ägeri (2023)"
351,"Surface_chla",3.12732026143791,"Lake Ägeri (2023)"
351,"Bottom_DO",2.88642832839848,"Lake Ägeri (2023)"
351,"Surface_DO",9.74999307395415,"Lake Ägeri (2023)"
352,"Surface_temperature",6.51439215704344,"Lake Ägeri (2023)"
352,"Surface_chla",3.855,"Lake Ägeri (2023)"
352,"Bottom_DO",1.85075960001388,"Lake Ägeri (2023)"
352,"Surface_DO",9.6726570160469,"Lake Ägeri (2023)"
353,"Surface_temperature",6.4269235305421,"Lake Ägeri (2023)"
353,"Surface_chla",3.405,"Lake Ägeri (2023)"
353,"Bottom_DO",1.07802158718822,"Lake Ägeri (2023)"
353,"Surface_DO",9.67227559347342,"Lake Ägeri (2023)"
354,"Surface_temperature",6.42146008442593,"Lake Ägeri (2023)"
354,"Surface_chla",3.745,"Lake Ägeri (2023)"
354,"Bottom_DO",1.726085949232,"Lake Ägeri (2023)"
354,"Surface_DO",9.75567965798488,"Lake Ägeri (2023)"
355,"Surface_temperature",6.3215,"Lake Ägeri (2023)"
355,"Surface_chla",3.04,"Lake Ägeri (2023)"
355,"Bottom_DO",2.2811361248463,"Lake Ägeri (2023)"
355,"Surface_DO",9.70589633178315,"Lake Ägeri (2023)"
356,"Surface_temperature",6.32888431297193,"Lake Ägeri (2023)"
356,"Surface_chla",3.26,"Lake Ägeri (2023)"
356,"Bottom_DO",2.27862367693605,"Lake Ägeri (2023)"
356,"Surface_DO",9.78894373419637,"Lake Ägeri (2023)"
357,"Surface_temperature",6.33473039215686,"Lake Ägeri (2023)"
357,"Surface_chla",2.885,"Lake Ägeri (2023)"
357,"Bottom_DO",1.50114906117136,"Lake Ägeri (2023)"
357,"Surface_DO",9.82343965440601,"Lake Ägeri (2023)"
358,"Surface_temperature",6.31026960840782,"Lake Ägeri (2023)"
358,"Surface_chla",3.66,"Lake Ägeri (2023)"
358,"Bottom_DO",3.17950631843302,"Lake Ägeri (2023)"
358,"Surface_DO",9.87642285380042,"Lake Ägeri (2023)"
359,"Surface_temperature",6.27609215668205,"Lake Ägeri (2023)"
359,"Surface_chla",3.96,"Lake Ägeri (2023)"
359,"Bottom_DO",1.69246433166528,"Lake Ägeri (2023)"
359,"Surface_DO",9.89510242021947,"Lake Ägeri (2023)"
360,"Surface_temperature",6.25418431336409,"Lake Ägeri (2023)"
360,"Surface_chla",3.66341179723177,"Lake Ägeri (2023)"
360,"Bottom_DO",1.93240526222836,"Lake Ägeri (2023)"
360,"Surface_DO",9.82082606016499,"Lake Ägeri (2023)"
361,"Surface_temperature",6.145,"Lake Ägeri (2023)"
361,"Surface_chla",5.66,"Lake Ägeri (2023)"
361,"Bottom_DO",2.48064597172264,"Lake Ägeri (2023)"
361,"Surface_DO",9.68368436536438,"Lake Ägeri (2023)"
362,"Surface_temperature",6.10422385620915,"Lake Ägeri (2023)"
362,"Surface_chla",5.43,"Lake Ägeri (2023)"
362,"Bottom_DO",2.28550374652243,"Lake Ägeri (2023)"
362,"Surface_DO",9.76182523410079,"Lake Ägeri (2023)"
363,"Surface_temperature",6.09360588235294,"Lake Ägeri (2023)"
363,"Surface_chla",6.06,"Lake Ägeri (2023)"
363,"Bottom_DO",1.7388961021129,"Lake Ägeri (2023)"
363,"Surface_DO",9.67171832336382,"Lake Ägeri (2023)"
364,"Surface_temperature",6.03270784313725,"Lake Ägeri (2023)"
364,"Surface_chla",4.67,"Lake Ägeri (2023)"
364,"Bottom_DO",1.77832585575659,"Lake Ägeri (2023)"
364,"Surface_DO",9.79829523669748,"Lake Ägeri (2023)"
365,"Surface_temperature",5.97134706108419,"Lake Ägeri (2023)"
365,"Surface_chla",3.32,"Lake Ägeri (2023)"
365,"Bottom_DO",1.54034675794403,"Lake Ägeri (2023)"
365,"Surface_DO",9.7741394504166,"Lake Ägeri (2023)"
